customer_id,signup_date,age,gender,city,annual_income,plan_type,monthly_fee,tenure_months,num_orders,avg_order_value,support_tickets,satisfaction_score,newsletter_subscribed,churned
CUST1571,2024-12-01,34.0,Other,Chennai,,Premium,999,1.0,6.0,2771.68,5.0,3.0,Yes,0
CUST1146,2022-05-16,28.0,M, Kochi ,96804.67,Basic,299,32.0,18.0,153.18,2.0,3.0,Yes,0
CUST1361,2020-07-25,39.0,F,Delhi,"₹93,269.77",Basic,299,54.0,13.0,2314.53,1.0,5.0,No,0
CUST1747,2022-01-16,41.0,M, Kolkata ,39148.84,Standard,599,36.0,11.0,1132.73,0.0,4.0,Yes,0
CUST1396,13/10/2022,43.0,Female,Kolkata,39618.83,Basic,299,27.0,14.0,1647.41,3.0,4.0,Yes,0
CUST1656,2019-11-28,25.0,Female,Bengaluru,51248.02,Basic,299,62.0,11.0,676.27,3.0,4.0,Yes,1
CUST1433,2021-09-18,18.0,Female,Chennai,30891.14,Premium,999,40.0,13.0,2582.58,1.0,4.0,Yes,1
CUST1466,2022-12-12,32.0,Other,Kolkata,63425.75,Standard,599,25.0,21.0,1170.46,1.0,4.0,Yes,0
CUST1171,2024-01-06,,Female,Kolkata,"₹54,396.12",Basic,299,12.0,7.0,,1.0,4.0,No,1
CUST1305,"Nov 28, 2019",23.0,Male,Delhi,59592.36,Standard,599,62.0,13.0,1110.3,3.0,5.0,No,0
CUST1403,2019-06-01,31.0,Female,Bengaluru,31440.42,Basic,299,68.0,16.0,624.41,3.0,3.0,No,0
CUST1316,2022-02-15,36.0,Female,PUNE,76445.64,Standard,599,35.0,8.0,1341.09,2.0,2.0,No,1
CUST1837,2024-10-02,51.0,Other,Bombay,49144.36,Basic,299,3.0,14.0,675.33,0.0,4.0,No,0
CUST1467,2019-06-01,56.0,Male,Kochi,71425.89,Standard,599,68.0,16.0,1449.83,2.0,4.0,No,1
CUST1610,07/11/2023,24.0,Male,Pune,37837.47,Basic,299,14.0,10.0,770.6,2.0,,Yes,1
CUST1821,2023-01-11,51.0,Male,Kolkata,71576.98,Premium,999,24.0,10.0,1720.63,0.0,4.0,Yes,1
CUST1817,2022-11-12,,Female,Hyderabad,31186.5,Standard,599,26.0,13.0,845.14,0.0,4.0,Yes,0
CUST1748,2020-09-23,31.0,Male,Bengaluru,21543.86,Premium,999,52.0,8.0,1426.85,2.0,4.0,Yes,0
CUST1232,2024-01-06,,Other,Chennai,62336.41,Standard,599,12.0,10.0,1128.82,5.0,2.0,Yes,1
CUST1729,2021-02-20,23.0,Male,Mumbai,26343.17,Standard,599,47.0,12.0,120000.0,5.0,3.0,Yes,0
CUST1395,2021-12-17,37.0,F,Hyderabad,81073.39,Premium,999,37.0,9.0,2270.69,0.0,4.0,No,0
CUST1793,2021-09-18,39.0,Female,Hyderabad,61280.81,Standard,599,40.0,13.0,1068.15,1.0,,Yes,0
CUST1786,2020-11-22,,Female,Kolkata,72283.65,Basic,299,50.0,14.0,930.37,2.0,3.0,Yes,1
CUST1777,2022-08-14,39.0,Female,Kolkata,93847.43,Standard,599,29.0,11.0,1535.33,2.0,4.0,No,0
CUST1805,2023-02-10,47.0,Male,Hyderabad,115493.84,premium,999,23.0,7.0,576.77,2.0,4.0,No,1
CUST1024,2023-02-10,30.0,Female,Mumbai,47373.98,Premium,999,23.0,15.0,2525.98,1.0,3.0,Yes,0
CUST1925,2020-07-25,56.0,F,,49932.64,Basic,299,54.0,15.0,1362.58,1.0,4.0,Yes,0
CUST1556,2020-05-26,27.0,Male,Pune,86683.73,Basic,299,56.0,10.0,464.74,2.0,5.0,Yes,0
CUST1499,2023-11-07,19.0,M,KOCHI,46977.21,Standard,599,14.0,10.0,1326.68,1.0,3.0,No,0
CUST1009,2021-03-22,26.0,M, Kochi ,28179.82,basic,299,46.0,14.0,440.96,1.0,5.0,Yes,0
CUST1423,2022-12-12,19.0,Female,Delhi,29195.63,Basic,299,25.0,8.0,898.19,0.0,4.0,Yes,0
CUST1216,2024-07-04,41.0,,Hyderabad,59922.88,Basic,299,6.0,7.0,1203.49,5.0,3.0,No,1
CUST1407,2022-11-12,44.0,Male,Delhi,33245.28,Basic,299,26.0,12.0,1659.35,2.0,4.0,Yes,0
CUST1164,2020-06-25,44.0,Female,KOLKATA,41884.2,Basic,299,55.0,15.0,2153.73,1.0,3.0,No,0
CUST1060,"Jul 04, 2024",150.0,M,Bengaluru,77947.37,Basic,299,6.0,8.0,422.8,1.0,,Yes,1
CUST1168,2019-03-03,33.0,F,Delhi,40302.44,Premium,999,71.0,17.0,819.99,2.0,,Yes,0
CUST1163,06/01/2024,,Male,Delhi,87059.03,Standard,599,12.0,11.0,886.58,0.0,5.0,Yes,0
CUST1025,2021-03-22,31.0,Female,Kochi,87996.46,Premium,999,46.0,16.0,845.24,0.0,2.0,Yes,0
CUST1409,2023-02-10,21.0,Male,Bengaluru,28834.5,Basic,299,23.0,9.0,1111.39,1.0,5.0,No,0
CUST1417,2023-03-12,50.0,Female,Kolkata,60066.15,Basic,299,22.0,7.0,423.29,3.0,3.0,Yes,1
CUST1598,2022-05-16,38.0,Female,Kolkata,,Basic,299,32.0,14.0,857.44,5.0,2.0,Yes,1
CUST1616,2023-11-07,43.0,M,Bengaluru,21059.01,Basic,299,14.0,11.0,365.72,2.0,4.0,Yes,0
CUST1780,2022-11-12,34.0,Female,Chennai,101397.37,Premium,999,26.0,10.0,1755.7,3.0,3.0,Yes,0
CUST1794,2019-09-29,18.0,Female,Hyderabad,60179.06,Standard,599,64.0,13.0,1880.55,1.0,5.0,No,0
CUST1006,2023-03-12,,Female,Hyderabad,77198.84,Basic,299,22.0,10.0,1129.93,1.0,,No,0
CUST1540,2023-01-11,18.0,Male,Chennai,35209.3,Premium,999,24.0,750.0,772.64,3.0,4.0,Yes,0
CUST1285,2022-11-12,30.0,F,Mumbai,38687.1,Basic,299,26.0,6.0,1027.0,2.0,3.0,Yes,0
CUST1125,2022-09-13,39.0,Male,Bengaluru,71483.82,Standard,599,28.0,10.0,1526.67,0.0,4.0,No,0
CUST1284,24/08/2020,23.0,F,Pune,99869.6,Basic,299,53.0,9.0,851.57,2.0,,Yes,0
CUST1773,"Dec 12, 2022",50.0,M,Delhi,71258.22,standard,599,25.0,13.0,1671.98,2.0,,Yes,1
CUST1013,31/07/2019,,Female,Mumbai,108019.52,Premium,999,66.0,15.0,1140.23,0.0,4.0,No,1
CUST1222,"Oct 02, 2024",37.0,F,HYDERABAD,133429.68,Basic,299,3.0,9.0,666.12,0.0,5.0,No,0
CUST1049,2023-05-11,36.0,Other,Kolkata,72603.91,Basic,299,20.0,11.0,604.44,1.0,3.0,Yes,0
CUST1099,2020-06-25,25.0,Other,CHENNAI,80516.82,Basic,299,55.0,10.0,1588.84,1.0,2.0,No,1
CUST1510,2022-04-16,18.0,M,Bengaluru,,Basic,299,33.0,15.0,1065.38,1.0,3.0,Yes,0
CUST1752,2019-03-03,24.0,Female,Chennai,44714.16,Basic,299,71.0,15.0,708.86,1.0,4.0,Yes,0
CUST1929,2019-12-28,36.0,Female,Delhi,67528.96,basic,299,61.0,16.0,798.09,2.0,5.0,Yes,0
CUST1984,2019-07-01,39.0,M,Delhi,80374.23,Standard,599,67.0,17.0,515.82,0.0,4.0,Yes,0
CUST1113,2019-07-31,19.0,Female,Hyderabad,"₹66,836.95",Basic,299,66.0,9.0,518.68,4.0,,No,0
CUST1446,2023-05-11,47.0,Male,Delhi,67604.63,Basic,299,20.0,12.0,1763.37,1.0,,Yes,0
CUST1094,2023-07-10,18.0,Other,MUMBAI,"₹77,014.01",Basic,299,18.0,4.0,716.39,2.0,2.0,Yes,0
CUST1700,2021-09-18,47.0,Female,Bengaluru,40113.8,Basic,299,40.0,13.0,792.02,0.0,,No,0
CUST1454,12/03/2023,36.0,M,Chennai,,Basic,299,22.0,6.0,923.53,0.0,4.0,Yes,0
CUST1277,2019-04-02,23.0,F,Bengaluru,,Premium,999,70.0,11.0,1721.47,2.0,,No,0
CUST1619,2022-01-16,51.0,Female,Bengaluru,55782.79,Basic,299,36.0,12.0,2084.15,1.0,,No,0
CUST1888,11/04/2023,18.0,Male,Kolkata,"₹79,579.89",Premium,999,21.0,10.0,1483.25,2.0,4.0,Yes,1
CUST1659,2023-02-10,31.0,Female,Pune,39486.68,Basic,299,23.0,8.0,1095.42,1.0,3.0,Yes,1
CUST1344,2023-08-09,53.0,Male,Kolkata,"₹37,736.52",Basic,299,17.0,8.0,742.43,2.0,3.0,Yes,1
CUST1865,2023-03-12,,Female,Bengaluru,37489.27,Basic,299,22.0,5.0,517.22,2.0,4.0,Yes,1
CUST1885,2019-08-30,38.0,Female,Kochi,55986.76,Standard,599,65.0,9.0,716.18,2.0,3.0,No,0
CUST1933,2021-08-19,53.0,,Chennai,53413.79,Standard,599,41.0,11.0,1708.6,3.0,1.0,Y,1
CUST1675,"Dec 28, 2019",39.0,Female,Cochin,50517.86,Basic,299,61.0,11.0,207.32,3.0,3.0,No,0
CUST1034,2020-02-26,42.0,Male,Chennai,63901.52,standard,599,59.0,15.0,230.8,3.0,3.0,Yes,1
CUST1053,2022-05-16,31.0,Female,Kolkata,"₹48,601.87",Basic,299,32.0,8.0,,0.0,,No,1
CUST1328,2021-08-19,22.0,M,Pune,21498.86,Basic,299,41.0,17.0,683.61,1.0,4.0,Yes,1
CUST1914,2019-06-01,46.0,Female,Pune,"₹53,645.04",Premium,999,68.0,17.0,1693.33,1.0,,Y,0
CUST1523,"Jul 25, 2020",33.0,F,Bengaluru,61531.08,Standard,599,54.0,9.0,1333.1,0.0,5.0,No,0
CUST1977,2022-09-13,30.0,M,HYDERABAD,51132.63,Standard,599,28.0,15.0,535.22,1.0,,No,0
CUST1530,2024-03-06,31.0,Male,Bengaluru,"₹28,494.95",Premium,999,-1.0,11.0,2032.72,0.0,3.0,Y,0
CUST1652,"Dec 07, 2023",53.0,Female,Kolkata,86027.06,Standard,599,13.0,9.0,1299.18,2.0,3.0,Yes,0
CUST1859,2020-07-25,42.0,Male,Kochi,57824.22,Premium,999,54.0,12.0,1218.16,1.0,3.0,No,0
CUST1909,2022-01-16,23.0,F,,42203.27,Basic,299,36.0,11.0,1366.11,2.0,,No,0
CUST1913,2024-12-01,28.0,Male, KOCHI ,,Basic,299,1.0,7.0,1910.79,1.0,4.0,Yes,0
CUST1326,2021-08-19,18.0,M,MUMBAI,20560.38,Premium,999,41.0,5.0,1007.52,1.0,,Yes,0
CUST1660,22/12/2020,18.0,F,Mumbai,61446.3,Basic,299,49.0,11.0,470.47,1.0,4.0,Yes,0
CUST1864,2022-09-13,27.0,M,Bengaluru,40185.25,Standard,599,28.0,8.0,1004.48,2.0,,Yes,0
CUST1459,2022-12-12,35.0,M,Pune,43735.39,Standard,599,25.0,12.0,1387.43,1.0,3.0,Yes,0
CUST1564,2019-11-28,,Male,Kochi,89316.03,Basic,299,62.0,17.0,750.6,1.0,4.0,Yes,0
CUST1351,2022-12-12,44.0,Female,Kochi,89373.65,Basic,299,25.0,10.0,692.52,1.0,4.0,Yes,0
CUST1957,02/05/2019,60.0,Male,Delhi,120198.87,Premium,999,69.0,12.0,1330.21,1.0,3.0,Y,1
CUST1739,29/10/2019,18.0,F, Hyderabad ,62258.1,Basic,299,63.0,14.0,2959.65,0.0,4.0,Yes,0
CUST1133,"Nov 07, 2023",33.0,Female,Delhi,33723.0,Basic,299,14.0,4.0,915.41,0.0,4.0,No,0
CUST1979,2022-01-16,40.0,M,Delhi,71023.22,Standard,599,36.0,8.0,754.67,2.0,,Yes,1
CUST1220,2022-08-14,33.0,Female,Chennai,22402.14,Basic,299,29.0,16.0,363.43,1.0,,Yes,0
CUST1732,2021-11-17,41.0,M,Kolkata,66981.45,Basic,299,38.0,12.0,909.31,1.0,,No,0
CUST1572,2019-04-02,38.0,Male,Delhi,35798.82,Basic,299,70.0,13.0,482.07,2.0,5.0,No,0
CUST1906,2020-04-26,33.0,M,Delhi,128822.22,Basic,299,57.0,15.0,1295.73,0.0,4.0,Yes,0
CUST1368,2024-07-04,37.0,M,Pune,95572.08,Basic,299,6.0,9.0,1105.79,0.0,4.0,Yes,0
CUST1725,2024-05-05,51.0,Male,KOLKATA,23304.38,Basic,299,8.0,8.0,1234.35,4.0,3.0,Yes,1
CUST1108,2020-04-26,44.0,F,Hyderabad,60432.7,Premium,999,57.0,11.0,2023.96,1.0,4.0,Yes,0
CUST1856,2022-09-13,39.0,Female,,19076.13,Standard,599,28.0,14.0,1360.76,3.0,2.0,No,1
CUST1653,2022-12-12,23.0,Female,Delhi,16785.02,Basic,299,25.0,12.0,1737.85,0.0,3.0,No,0
CUST1259,2021-06-20,20.0,Male,Delhi,,Standard,599,43.0,12.0,1764.09,0.0,4.0,Yes,0
CUST1553,2019-07-01,57.0,Male,Bengaluru,53838.65,Standard,599,67.0,12.0,5623.09,2.0,,Yes,0
CUST1712,14/08/2022,,Female,Delhi,"₹57,567.09",Premium,999,29.0,13.0,1463.36,1.0,4.0,Yes,0
CUST1318,2023-09-08,46.0,M,Chennai,31761.64,Basic,299,16.0,10.0,574.18,1.0,4.0,Yes,0
CUST1567,04/06/2024,28.0,Female,Bengaluru,56394.72,Basic,299,7.0,6.0,1022.89,1.0,,No,0
CUST1153,2023-06-10,30.0,Male,,24949.24,Basic,299,19.0,10.0,1506.45,2.0,3.0,No,0
CUST1140,2024-08-03,40.0,F,Chennai,,standard,599,5.0,12.0,1080.56,0.0,4.0,No,0
CUST1699,2023-10-08,33.0,F,Delhi,63310.62,Basic,299,15.0,12.0,740.34,5.0,4.0,No,1
CUST1603,17/11/2021,28.0,Male,Hyderabad,76254.14,Premium,999,38.0,10.0,1117.98,1.0,3.0,No,0
CUST1926,2022-12-12,33.0,Male,Kochi,29454.59,Premium,999,25.0,7.0,1800.38,2.0,3.0,Yes,0
CUST1262,2023-08-09,38.0,Male,Mumbai,37514.97,standard,599,17.0,6.0,,0.0,4.0,Yes,0
CUST1657,2021-06-20,37.0,Male,Pune,70593.42,Basic,299,43.0,13.0,1287.38,0.0,4.0,Yes,0
CUST1110,2022-09-13,40.0,Male,PUNE,51862.24,Premium,999,28.0,6.0,2508.01,0.0,5.0,Yes,0
CUST1026,2020-12-22,41.0,Female,Delhi,56811.73,Standard,599,49.0,8.0,638.77,0.0,3.0,Yes,0
CUST1057,2019-10-29,51.0,Male,Chennai,75445.9,Basic,299,63.0,9.0,768.83,2.0,2.0,No,0
CUST1046,2020-01-27,45.0,,Delhi,75519.72,Standard,599,60.0,19.0,922.85,1.0,3.0,Yes,0
CUST1618,2020-11-22,28.0,M,Hyderabad,48118.23,Basic,299,50.0,18.0,654.2,1.0,5.0,No,0
CUST1995,2022-03-17,39.0,M,Hyderabad,104451.9,Basic,299,34.0,11.0,395.74,2.0,4.0,No,0
CUST1839,2019-03-03,31.0,Female,Mumbai,35717.9,Basic,299,71.0,13.0,584.67,2.0,,No,0
CUST1098,2020-02-26,39.0,Female,Pune,32637.24,Premium,999,59.0,16.0,758.32,2.0,5.0,Yes,0
CUST1297,"Dec 07, 2023",31.0,,Hyderabad,46446.59,Premium,999,13.0,8.0,1025.56,0.0,,Yes,0
CUST1138,2023-04-11,57.0,Female,Mumbai,113908.94,Basic,299,21.0,17.0,1050.18,1.0,4.0,Yes,1
CUST1445,2023-03-12,19.0,M,Chennai,36343.89,Basic,299,22.0,5.0,1370.86,0.0,3.0,Yes,0
CUST1695,2019-07-31,,F, Mumbai ,48331.31,Premium,999,66.0,11.0,1942.01,0.0,5.0,Yes,0
CUST1336,2020-08-24,28.0,Female,Delhi,41374.43,standard,599,53.0,7.0,433.56,0.0,4.0,No,0
CUST1799,04/07/2024,35.0,Male,,67310.65,Basic,299,6.0,11.0,969.22,2.0,5.0,Yes,0
CUST1043,2021-05-21,38.0,Female,Delhi,86800.44,Premium,999,44.0,9.0,1134.45,1.0,3.0,Yes,0
CUST1534,2022-05-16,18.0,Female,Kochi,58552.53,Basic,299,32.0,18.0,743.75,1.0,,Yes,0
CUST1063,15/07/2022,41.0,Female,Mumbai,68880.48,Premium,999,30.0,15.0,2589.19,3.0,3.0,Yes,1
CUST1562,2023-11-07,36.0,Male,Bengaluru,51832.69,Standard,599,14.0,12.0,588.42,2.0,2.0,Yes,1
CUST1568,26/04/2020,,Female,,66306.06,Basic,299,57.0,13.0,,2.0,,Yes,0
CUST1038,21/05/2021,26.0,Female,Pune,33131.32,Basic,299,44.0,7.0,719.26,3.0,3.0,Yes,1
CUST1693,2019-11-28,18.0,Male,Bengaluru,50119.12,Basic,299,62.0,17.0,1444.83,5.0,,No,1
CUST1253,2019-05-02,24.0,Male,Delhi,"₹46,327.05",Standard,599,69.0,15.0,1533.8,1.0,,Y,1
CUST1350,21/04/2021,39.0,Male,HYDERABAD,63692.25,Standard,599,45.0,13.0,562.32,3.0,,No,1
CUST1938,2019-05-02,45.0,Male,Pune,102843.47,Premium,999,69.0,17.0,1693.66,1.0,4.0,Yes,0
CUST1791,2021-09-18,21.0,F,Bengaluru,54283.69,Basic,299,40.0,12.0,762.93,2.0,4.0,No,0
CUST1244,28/12/2019,58.0,Female,Kolkata,57995.09,Basic,299,61.0,15.0,819.29,5.0,3.0,Yes,1
CUST1472,2023-02-10,32.0,Male,Pune,79186.27,Basic,299,23.0,11.0,276.42,1.0,4.0,Yes,0
CUST1142,2021-07-20,18.0,M,Hyderabad,147479.77,premium,999,42.0,10.0,696.4,0.0,,Yes,0
CUST1205,2024-08-03,34.0,F,Delhi,35781.61,Standard,599,5.0,10.0,1100.05,2.0,2.0,Yes,0
CUST1974,"Jan 27, 2020",24.0,F,Hyderabad,26852.33,Standard,599,60.0,8.0,1301.86,1.0,5.0,Yes,0
CUST1740,2020-03-27,46.0,F,Bengaluru,37022.32,Basic,299,58.0,16.0,633.39,2.0,4.0,No,0
CUST1887,2019-07-01,30.0,M,Mumbai,20925.5,Basic,299,67.0,12.0,1051.69,2.0,2.0,No,0
CUST1186,2021-04-21,37.0,Male,Bengaluru,29956.98,Basic,299,45.0,12.0,462.0,2.0,4.0,No,1
CUST1796,16/05/2022,46.0,Other,BENGALURU,,Premium,999,32.0,12.0,3987.8,1.0,3.0,Yes,1
CUST1228,2023-03-12,26.0,F, Bombay ,65566.37,Basic,299,22.0,11.0,914.35,1.0,5.0,N,0
CUST1818,2024-05-05,38.0,Female,Delhi,33947.98,Basic,299,8.0,7.0,570.68,1.0,4.0,Yes,0
CUST1321,2022-09-13,33.0,F,Bengaluru,87316.03,basic,299,28.0,6.0,1888.34,0.0,4.0,No,1
CUST1061,2022-05-16,31.0,Male,Mumbai,,Standard,599,32.0,14.0,2249.51,2.0,3.0,Yes,0
CUST1596,2024-07-04,29.0,F,Bangalore,53457.1,Basic,299,6.0,6.0,1309.97,0.0,,No,0
CUST1507,2024-06-04,40.0,Male,Delhi,100919.29,Standard,599,7.0,12.0,2290.84,1.0,3.0,Yes,0
CUST1801,2021-09-18,23.0,Male,Kolkata,"₹34,922.20",Premium,999,40.0,8.0,1069.01,1.0,4.0,No,0
CUST1518,2023-08-09,45.0,Male,Kochi,63784.77,Standard,599,17.0,13.0,1094.25,1.0,5.0,Yes,0
CUST1886,07/12/2023,49.0,Male,Mumbai,52933.34,Premium,999,13.0,3.0,938.63,1.0,3.0,No,1
CUST1509,2022-06-15,40.0,Male,Chennai,70645.91,Basic,299,31.0,19.0,835.81,2.0,4.0,No,1
CUST1419,05/04/2024,50.0,Male,Kolkata,47798.42,Basic,299,9.0,8.0,1243.73,1.0,3.0,Yes,1
CUST1514,2020-09-23,44.0,Male,Delhi,"₹35,892.42",Standard,599,52.0,10.0,825.39,3.0,,Yes,1
CUST1170,2021-02-20,,M,,82920.95,Standard,599,47.0,8.0,971.33,0.0,,No,0
CUST1500,2020-01-27,50.0,F,,49604.23,Standard,599,60.0,13.0,1376.78,1.0,4.0,No,0
CUST1339,2019-07-31,42.0,Other,Bengaluru,47904.05,Standard,599,66.0,9.0,1854.15,1.0,4.0,No,0
CUST1542,2019-07-31,38.0,Female,Pune,"₹40,714.84",Standard,599,66.0,15.0,1163.87,3.0,3.0,Yes,0
CUST1109,2019-07-31,18.0,Male,DELHI,27295.83,Basic,299,66.0,11.0,965.51,0.0,4.0,No,1
CUST1600,2023-11-07,41.0,Male,Bengaluru,,Standard,599,14.0,7.0,1730.52,2.0,2.0,Yes,1
CUST1449,2024-09-02,39.0,F,Hyderabad,28036.88,Standard,599,4.0,14.0,642.56,1.0,5.0,Yes,0
CUST1982,2020-12-22,38.0,Male,Bombay,80930.46,Premium,999,49.0,13.0,1964.26,1.0,4.0,No,0
CUST1457,17/03/2022,26.0,F,Mumbai,93600.58,Basic,299,34.0,10.0,1474.47,3.0,4.0,No,0
CUST1204,2021-09-18,18.0,M,CHENNAI,113738.75,Premium,999,40.0,14.0,2370.3,1.0,4.0,Yes,0
CUST1148,2024-11-01,47.0,Male,Mumbai,173680.65,Basic,299,2.0,12.0,921.98,0.0,3.0,Yes,0
CUST1570,2023-01-11,19.0,Male,Mumbai,24175.29,Premium,999,24.0,10.0,,2.0,3.0,Yes,0
CUST1850,2023-06-10,31.0,M,Delhi,40349.89,Basic,299,19.0,6.0,1374.18,0.0,3.0,Yes,0
CUST1952,2021-06-20,40.0,Female, Chennai ,99142.07,Basic,299,43.0,12.0,659.01,2.0,2.0,Yes,1
CUST1541,2024-09-02,26.0,Female,Kolkata,66767.9,Premium,999,4.0,11.0,2045.55,0.0,5.0,No,0
CUST1947,2020-12-22,18.0,Female, MUMBAI ,46999.68,Basic,299,49.0,9.0,80000.0,1.0,,Yes,0
CUST1508,2024-03-06,29.0,M,Delhi,"₹95,062.75",Standard,599,10.0,12.0,1144.05,2.0,3.0,Yes,0
CUST1319,2021-03-22,22.0,Female,Bengaluru,59784.91,Standard,599,46.0,12.0,432.36,1.0,4.0,No,1
CUST1128,2024-01-06,28.0,M,Bengaluru,130190.58,Basic,299,12.0,8.0,1213.36,2.0,2.0,Yes,1
CUST1502,2024-10-02,27.0,Female,BENGALURU,20825.34,Basic,299,3.0,8.0,1422.73,1.0,5.0,Yes,1
CUST1879,2021-09-18,35.0,M,Bengaluru,107780.54,Basic,299,40.0,13.0,948.58,3.0,4.0,No,1
CUST1650,28/11/2019,55.0,Male,Hyderabad,141188.15,Basic,299,62.0,18.0,319.54,2.0,2.0,Yes,0
CUST1447,19/08/2021,31.0,Female,,70404.61,Basic,299,41.0,12.0,1132.21,1.0,4.0,Yes,1
CUST1877,15/07/2022,33.0,,Chennai,122171.35,Basic,299,30.0,11.0,518.67,3.0,2.0,Yes,1
CUST1761,2023-08-09,42.0,Female,Kolkata,53721.69,Basic,299,17.0,11.0,424.08,1.0,,Yes,0
CUST1719,24/08/2020,24.0,Male,Pune,51895.33,Standard,599,53.0,6.0,708.27,1.0,5.0,Yes,0
CUST1237,2024-04-05,33.0,M,Hyderabad,,Basic,299,9.0,9.0,493.28,1.0,4.0,N,1
CUST1715,2019-04-02,22.0,F,DELHI,47429.1,premium,999,70.0,9.0,581.57,0.0,5.0,Yes,0
CUST1668,2022-10-13,29.0,F,Hyderabad,,Basic,299,27.0,14.0,1785.76,0.0,4.0,No,0
CUST1742,"Jul 15, 2022",24.0,M,Chennai,34352.46,Standard,599,30.0,12.0,705.15,4.0,3.0,No,1
CUST1585,2019-12-28,57.0,Male,Pune,45475.32,Premium,999,61.0,10.0,1997.81,0.0,5.0,Yes,0
CUST1480,2021-09-18,37.0,Male,Hyderabad,90028.18,premium,999,40.0,13.0,2180.89,3.0,5.0,No,0
CUST1489,2024-05-05,42.0,F,Pune,38893.8,Premium,999,8.0,8.0,505.02,1.0,3.0,Y,0
CUST1134,2024-09-02,19.0,Male,Chennai,53031.83,Standard,599,4.0,5.0,1167.72,2.0,4.0,Yes,0
CUST1602,2023-01-11,49.0,Female,Delhi,70144.3,Premium,999,24.0,17.0,1590.64,3.0,3.0,No,0
CUST1015,2020-06-25,26.0,F,Kochi,96529.97,Basic,299,55.0,10.0,1502.17,1.0,,No,0
CUST1270,12/03/2023,27.0,F,Delhi,"₹77,284.17",Standard,599,22.0,13.0,3389.68,0.0,,Yes,1
CUST1159,2022-04-16,,Female,Chennai,38123.94,Standard,599,33.0,6.0,810.22,3.0,3.0,Y,0
CUST1642,19/08/2021,58.0,M,Hyderabad,,Basic,299,41.0,12.0,380.92,0.0,5.0,Yes,0
CUST1437,2022-02-15,23.0,Male,Hyderabad,28843.56,basic,299,35.0,8.0,1144.66,1.0,4.0,No,0
CUST1418,06/03/2024,34.0,F, Hyderabad ,33908.86,Standard,599,10.0,2000.0,2461.69,2.0,4.0,Yes,0
CUST1048,2022-01-16,42.0,Female,Delhi,,Premium,999,36.0,13.0,2824.82,0.0,5.0,No,0
CUST1765,2020-05-26,18.0,F,Kochi,104121.41,Basic,299,56.0,21.0,893.15,0.0,4.0,Yes,0
CUST1074,2024-08-03,37.0,M,Mumbai,"₹30,261.47",Basic,299,5.0,4.0,544.88,1.0,3.0,No,0
CUST1172,2019-07-31,30.0,Female,BENGALURU,130098.54,Basic,299,66.0,18.0,1089.05,2.0,4.0,Yes,0
CUST1242,2024-09-02,18.0,Male,Delhi,33668.69,basic,299,4.0,7.0,904.55,0.0,4.0,No,0
CUST1360,2019-12-28,33.0,Male, Kochi ,47863.16,Premium,999,61.0,14.0,1793.99,0.0,5.0,Yes,1
CUST1717,2024-10-02,43.0,Female,HYDERABAD,92009.14,Standard,599,3.0,6.0,1245.95,1.0,3.0,Yes,0
CUST1271,2019-03-03,38.0,Female,Chennai,52809.83,Premium,999,71.0,15.0,3003.29,1.0,,Yes,0
CUST1846,2024-10-02,70.0,Female,Mumbai,61391.96,Standard,599,3.0,9.0,394.66,1.0,5.0,Yes,0
CUST1411,2019-09-29,18.0,Female,Mumbai,22195.01,Standard,599,64.0,16.0,1739.08,0.0,5.0,Yes,0
CUST1822,2024-11-01,22.0,,Bengaluru,41574.5,Basic,299,2.0,11.0,1146.46,1.0,4.0,No,1
CUST1728,2022-03-17,22.0,Male,,51276.73,Standard,599,34.0,5.0,854.92,1.0,,Yes,0
CUST1778,2022-12-12,36.0,M,Mumbai,,Standard,599,25.0,13.0,2288.86,2.0,3.0,Yes,0
CUST1377,2020-11-22,18.0,Female, Bengaluru ,31080.73,Basic,299,50.0,11.0,1144.51,1.0,4.0,No,0
CUST1054,2024-03-06,30.0,M,BENGALURU,64059.67,Standard,599,10.0,8.0,1044.31,2.0,3.0,Yes,1
CUST1578,2021-09-18,32.0,Male,Hyderabad,43133.63,Basic,299,40.0,10.0,276.24,1.0,4.0,Yes,0
CUST1097,2020-05-26,24.0,Male,Kochi,35940.97,Premium,999,56.0,7.0,640.91,2.0,4.0,Yes,0
CUST1299,2024-08-03,39.0,Other,Bengaluru,51340.56,Standard,599,5.0,8.0,899.27,3.0,3.0,Yes,1
CUST1723,2024-07-04,19.0,F,Kolkata,58202.03,Basic,299,6.0,9.0,816.91,2.0,3.0,Yes,1
CUST1903,2020-12-22,52.0,Male,Delhi,,Basic,299,49.0,9.0,1064.94,2.0,4.0,No,0
CUST1694,2022-02-15,26.0,,Pune,124943.56,Basic,299,35.0,11.0,998.54,2.0,3.0,Yes,0
CUST1127,10/06/2023,22.0,F,Bengaluru,66144.9,Basic,299,19.0,10.0,395.45,1.0,3.0,No,0
CUST1557,21/05/2021,24.0,Female,Kolkata,59074.75,Premium,999,44.0,13.0,726.06,3.0,3.0,No,0
CUST1706,17/11/2021,25.0,M,Pune,62082.08,Basic,299,38.0,11.0,1493.27,2.0,4.0,Yes,0
CUST1884,2022-06-15,23.0,Female,Kolkata,40324.07,Premium,999,31.0,8.0,2436.86,0.0,,No,0
CUST1491,2021-01-21,39.0,Male,PUNE,97050.82,Premium,999,48.0,19.0,742.77,0.0,4.0,No,0
CUST1262,2023-08-09,38.0,Male,Mumbai,37514.97,standard,599,17.0,6.0,,0.0,4.0,Yes,0
CUST1890,2023-04-11,26.0,Male,CHENNAI,,Standard,599,21.0,11.0,900.49,3.0,2.0,Yes,0
CUST1951,02/05/2019,40.0,M,Mumbai,53946.24,Standard,599,69.0,15.0,768.13,2.0,5.0,No,0
CUST1080,01/12/2024,40.0,Male,Pune,65588.7,basic,299,1.0,8.0,1319.78,2.0,3.0,No,0
CUST1158,2024-12-01,30.0,,MUMBAI,37109.4,Basic,299,1.0,9.0,953.19,1.0,5.0,Yes,0
CUST1750,2020-04-26,35.0,Female,Kolkata,,Basic,299,57.0,15.0,1373.06,2.0,4.0,Yes,0
CUST1435,2023-05-11,28.0,Female,Bengaluru,,Basic,299,20.0,12.0,665.67,3.0,5.0,Yes,0
CUST1357,2021-07-20,38.0,Male,Bangalore,62329.85,Premium,999,42.0,8.0,1589.28,2.0,3.0,Yes,0
CUST1716,2021-02-20,18.0,M,Hyderabad,60255.94,Basic,299,47.0,8.0,230.86,3.0,4.0,Yes,0
CUST1928,2022-07-15,32.0,M,Chennai,61110.58,Premium,999,30.0,10.0,688.42,0.0,5.0,Yes,0
CUST1679,2021-12-17,33.0,Male,Pune,62565.81,Basic,299,37.0,11.0,755.07,0.0,3.0,Yes,0
CUST1473,2021-06-20,37.0,Male,Chennai,78337.31,Premium,999,43.0,12.0,,2.0,5.0,Yes,1
CUST1734,2022-05-16,38.0,Female,Kochi,46834.93,Premium,999,32.0,11.0,1075.25,2.0,3.0,No,0
CUST1746,2019-10-29,55.0,Female,Mumbai,70855.24,Basic,299,63.0,18.0,1090.06,2.0,4.0,No,0
CUST1367,2023-05-11,26.0,Other,,78400.66,Basic,299,20.0,5.0,2299.23,2.0,3.0,Yes,0
CUST1976,2021-06-20,47.0,M,Pune,29870.02,Premium,999,43.0,11.0,1401.55,3.0,4.0,Yes,1
CUST1966,"Aug 03, 2024",32.0,Male,CHENNAI,97829.37,Basic,299,5.0,10.0,594.53,0.0,5.0,Yes,0
CUST1375,2020-07-25,61.0,F,Kolkata,70666.65,Basic,299,54.0,13.0,749.15,0.0,5.0,Yes,0
CUST1324,2021-07-20,55.0,Male,Bombay,75517.39,Standard,599,42.0,17.0,1012.32,0.0,3.0,No,0
CUST1673,2024-10-02,21.0,Female,Delhi,"₹77,385.00",Premium,999,3.0,10.0,1169.09,1.0,5.0,Yes,0
CUST1671,2019-09-29,38.0,M, Pune ,,Basic,299,64.0,11.0,1652.82,2.0,3.0,No,0
CUST1179,07/11/2023,38.0,Male,Pune,"₹41,193.85",Basic,299,14.0,6.0,846.49,1.0,3.0,Yes,0
CUST1972,2021-05-21,37.0,Male,Mumbai,"₹76,163.33",Basic,299,44.0,11.0,608.43,1.0,3.0,No,0
CUST1990,2022-02-15,45.0,Male,Mumbai,36512.87,Standard,599,35.0,18.0,,1.0,4.0,Yes,0
CUST1256,2024-09-02,40.0,F,Kolkata,,Basic,299,4.0,11.0,533.98,3.0,2.0,Yes,1
CUST1122,2023-06-10,37.0,M,Delhi,23369.2,Premium,999,19.0,9.0,636.91,2.0,4.0,No,1
CUST1531,2019-07-01,25.0,Male,Mumbai,"₹35,183.91",Basic,299,67.0,9.0,1152.15,1.0,3.0,No,1
CUST1781,2021-11-17,34.0,Female,Delhi,93573.94,Basic,299,38.0,8.0,1169.98,3.0,3.0,No,1
CUST1870,2020-03-27,,Male,Kolkata,,Premium,999,58.0,16.0,834.18,0.0,3.0,Yes,0
CUST1893,"Oct 23, 2020",35.0,M,Bengaluru,36236.05,Standard,599,51.0,15.0,1303.97,2.0,,Yes,0
CUST1422,12/03/2023,-4.0,,Mumbai,61882.73,Premium,999,22.0,9.0,575.72,3.0,2.0,Yes,1
CUST1463,2023-11-07,,M,Hyderabad,41662.19,premium,999,14.0,12.0,1132.59,0.0,4.0,Yes,0
CUST1453,2020-11-22,58.0,Female, Mumbai ,30484.16,Standard,599,50.0,12.0,669.9,0.0,5.0,Yes,0
CUST1586,2019-09-29,,Female,Kochi,45759.4,Basic,299,64.0,10.0,622.12,0.0,5.0,No,0
CUST1996,2024-12-01,43.0,Female,Bombay,57238.97,Standard,599,1.0,9.0,1538.23,3.0,4.0,Yes,0
CUST1963,2021-05-21,34.0,Female, Kochi ,93855.38,Basic,299,44.0,17.0,835.8,0.0,5.0,Yes,0
CUST1808,2021-06-20,31.0,Female,Delhi,87252.41,Basic,299,43.0,11.0,1686.22,3.0,2.0,No,1
CUST1866,2022-02-15,20.0,M,Pune,190106.77,Premium,999,35.0,12.0,1087.36,3.0,4.0,No,1
CUST1683,2024-12-01,29.0,F,Mumbai,96903.46,Basic,299,1.0,10.0,462.48,1.0,4.0,Y,1
CUST1577,2020-04-26,49.0,Female,Bengaluru,34142.38,standard,599,57.0,10.0,1658.14,1.0,4.0,Y,0
CUST1147,2023-11-07,33.0,M,Hyderabad,82643.17,Basic,299,14.0,14.0,2025.78,2.0,4.0,No,0
CUST1362,2023-06-10,46.0,Female,Delhi,41829.85,Basic,299,19.0,5.0,481.61,0.0,2.0,Yes,0
CUST1355,2020-04-26,38.0,Female,CHENNAI,52855.35,premium,999,57.0,10.0,2606.91,1.0,4.0,Yes,0
CUST1815,2024-10-02,38.0,Male,Bengaluru,93049.67,Standard,599,3.0,8.0,2777.06,1.0,4.0,No,0
CUST1051,"Jun 20, 2021",42.0,Female,Bengaluru,60979.72,Premium,999,43.0,11.0,1924.5,1.0,3.0,Yes,0
CUST1838,2024-01-06,55.0,Other,DELHI,30240.18,Basic,299,12.0,9.0,1603.61,4.0,2.0,Yes,1
CUST1399,2024-01-06,27.0,Male, Kolkata ,27888.74,Basic,299,12.0,5.0,459.89,1.0,4.0,No,0
CUST1022,07/12/2023,48.0,M,Bengaluru,77493.46,Standard,599,13.0,9.0,1037.48,4.0,,Yes,1
CUST1707,16/05/2022,41.0,Male,Delhi,30945.43,Basic,299,32.0,8.0,545.02,0.0,3.0,Yes,0
CUST1643,"Sep 18, 2021",37.0,Female,Hyderabad,70326.26,Basic,299,40.0,13.0,1204.22,2.0,,No,0
CUST1833,2021-09-18,,Female,Pune,38239.04,Basic,299,40.0,7.0,1453.17,4.0,3.0,No,1
CUST1209,2022-10-13,31.0,Male,Bengaluru,43464.88,Standard,599,27.0,10.0,1327.57,2.0,5.0,No,0
CUST1308,2021-08-19,41.0,Female,Delhi,"₹79,296.09",Basic,299,41.0,10.0,1595.94,2.0,3.0,No,0
CUST1142,2021-07-20,18.0,M,Hyderabad,147479.77,premium,999,42.0,10.0,696.4,0.0,,Yes,0
CUST1050,2023-08-09,38.0,Female, Delhi ,32340.8,Basic,299,17.0,11.0,1025.12,3.0,3.0,Yes,0
CUST1166,2020-03-27,45.0,Female,Pune,,Basic,299,58.0,15.0,636.41,0.0,3.0,No,0
CUST1635,2024-10-02,32.0,Male,Chennai,43530.01,Standard,599,3.0,7.0,1181.46,2.0,2.0,No,0
CUST1785,2019-10-29,38.0,Female, Delhi ,53336.25,Standard,599,63.0,10.0,1188.73,1.0,4.0,No,0
CUST1081,2019-08-30,28.0,Male,Delhi,63848.73,Basic,299,65.0,8.0,1149.19,0.0,5.0,No,1
CUST1505,2022-07-15,29.0,Female,Chennai,39189.05,basic,299,30.0,11.0,1309.0,6.0,3.0,Yes,1
CUST1702,2019-05-02,24.0,Male,Chennai,,Standard,599,69.0,15.0,2012.16,0.0,3.0,No,0
CUST1920,"Aug 19, 2021",32.0,,Delhi,"₹117,827.44",Standard,599,41.0,8.0,1942.24,0.0,5.0,Yes,0
CUST1066,2024-02-05,31.0,Male,MUMBAI,70865.55,Basic,299,11.0,5.0,45000.0,1.0,5.0,Yes,0
CUST1590,2024-08-03,22.0,Female,Bengaluru,25842.99,Premium,999,5.0,7.0,707.58,2.0,4.0,Y,0
CUST1911,2021-07-20,39.0,,Delhi,"₹20,794.30",basic,299,42.0,9.0,2320.65,1.0,4.0,No,0
CUST1289,"Dec 17, 2021",34.0,Male,Delhi,24947.55,Standard,599,37.0,11.0,889.92,1.0,5.0,Yes,1
CUST1294,27/03/2020,32.0,Male,Bengaluru,,Premium,999,58.0,9.0,,1.0,3.0,Yes,0
CUST1547,2021-06-20,24.0,M, Mumbai ,56262.34,Standard,599,43.0,8.0,880.49,1.0,5.0,Yes,0
CUST1283,2019-11-28,40.0,Female,Bengaluru,44944.37,Basic,299,62.0,15.0,1092.71,1.0,4.0,Yes,0
CUST1810,2023-02-10,33.0,F,Chennai,78989.95,Premium,999,23.0,10.0,996.35,1.0,3.0,No,0
CUST1525,16/01/2022,30.0,Other,Chennai,73207.16,Basic,299,36.0,13.0,530.35,4.0,3.0,Yes,0
CUST1064,2021-02-20,43.0,Male, Delhi ,55543.3,Standard,599,47.0,13.0,454.45,0.0,4.0,N,0
CUST1991,2024-09-02,51.0,Female,Delhi,62751.68,Standard,599,4.0,16.0,661.3,0.0,4.0,Y,0
CUST1264,2024-08-03,40.0,Male,Hyderabad,68392.18,Standard,599,5.0,10.0,1115.33,1.0,2.0,Yes,1
CUST1790,2020-09-23,120.0,Male,Hyderabad,36562.39,Standard,599,52.0,4.0,998.55,1.0,3.0,Yes,0
CUST1858,23/09/2020,18.0,Male,Chennai,48862.22,Basic,299,52.0,11.0,,0.0,4.0,Yes,0
CUST1775,2021-02-20,37.0,Male,,40638.72,basic,299,47.0,8.0,659.06,3.0,4.0,No,1
CUST1020,2023-10-08,33.0,Female,Bengaluru,68478.29,standard,599,15.0,10.0,884.34,1.0,,No,0
CUST1420,2019-10-29,36.0,Male,Chennai,31611.78,Premium,999,63.0,12.0,1164.76,3.0,5.0,No,0
CUST1783,"Jun 04, 2024",45.0,Female,BENGALURU,63354.1,Basic,299,7.0,10.0,854.08,3.0,3.0,Yes,1
CUST1883,2020-02-26,22.0,Female,Mumbai,52974.24,Premium,999,59.0,16.0,2758.42,2.0,3.0,Yes,0
CUST1296,2020-02-26,38.0,Female,Bengaluru,99161.86,Basic,299,59.0,13.0,1715.5,1.0,,Yes,0
CUST1852,2022-03-17,45.0,Male,,57795.15,Basic,299,34.0,6.0,755.47,1.0,4.0,Yes,0
CUST1544,2023-10-08,32.0,Female,Pune,47535.07,Basic,299,15.0,9.0,1103.43,1.0,4.0,Yes,1
CUST1261,2020-11-22,32.0,M,Hyderabad,37346.4,standard,599,50.0,10.0,1008.18,5.0,2.0,Yes,1
CUST1389,2022-02-15,19.0,M,Pune,55293.98,Standard,599,35.0,11.0,382.53,1.0,4.0,No,0
CUST1666,2022-08-14,18.0,Other,Chennai,,Standard,599,29.0,11.0,3657.12,0.0,4.0,Yes,0
CUST1513,2020-09-23,34.0,Male,Delhi,34394.88,Basic,299,52.0,15.0,1029.2,2.0,5.0,Yes,0
CUST1334,2020-03-27,35.0,Male,Chennai,55225.5,Basic,299,58.0,17.0,822.3,2.0,5.0,Yes,0
CUST1582,01/07/2019,32.0,Female,Pune,57099.2,Standard,599,67.0,16.0,1403.5,1.0,,No,0
CUST1482,"Dec 07, 2023",36.0,F,Delhi,59906.29,Basic,299,13.0,10.0,2222.09,0.0,4.0,Yes,0
CUST1929,2019-12-28,36.0,Female,Delhi,67528.96,basic,299,61.0,16.0,798.09,2.0,5.0,Yes,0
CUST1188,2020-08-24,20.0,Female,Delhi,103134.45,Basic,299,53.0,11.0,269.98,2.0,4.0,Yes,0
CUST1251,2019-04-02,39.0,Male,Pune,70359.94,standard,599,70.0,16.0,1431.78,2.0,3.0,Yes,0
CUST1071,"Nov 01, 2024",23.0,M,Kolkata,32939.02,Basic,299,2.0,7.0,493.13,2.0,3.0,Yes,0
CUST1689,01/06/2019,30.0,Female,Mumbai,,Basic,299,68.0,13.0,936.77,2.0,,No,0
CUST1384,2022-03-17,18.0,Other,Pune,,Standard,599,34.0,11.0,927.49,0.0,2.0,No,0
CUST1658,05/04/2024,48.0,Female,Kochi,75693.44,Basic,299,9.0,6.0,867.49,2.0,4.0,Yes,0
CUST1347,2024-05-05,41.0,Female, Mumbai ,48806.71,standard,599,8.0,8.0,1448.29,0.0,4.0,No,0
CUST1613,2020-02-26,40.0,Female,Kolkata,38636.08,Standard,599,59.0,16.0,419.41,3.0,3.0,Yes,0
CUST1908,21/05/2021,36.0,Male,Mumbai,63525.21,Standard,599,44.0,12.0,379.29,1.0,4.0,No,1
CUST1950,2021-12-17,18.0,Female,Delhi,96365.55,Standard,599,37.0,7.0,972.26,1.0,4.0,Yes,0
CUST1365,2024-12-01,51.0,Male,Chennai,120995.72,Premium,999,1.0,6.0,1293.85,1.0,4.0,Yes,0
CUST1330,2021-10-18,,Female,Kolkata,"₹110,814.75",Basic,299,39.0,9.0,1075.31,2.0,,Yes,1
CUST1397,2024-05-05,38.0,M,CHENNAI,72099.37,Basic,299,8.0,7.0,712.29,0.0,5.0,Yes,0
CUST1569,2023-02-10,37.0,Male,Mumbai,29815.25,Basic,299,23.0,12.0,911.04,5.0,3.0,No,1
CUST1825,"Jul 25, 2020",35.0,Female,Bengaluru,,Basic,299,54.0,13.0,928.13,3.0,3.0,No,0
CUST1899,"Nov 22, 2020",18.0,Female,Kolkata,49997.83,Standard,599,50.0,13.0,650.41,3.0,2.0,No,1
CUST1826,2023-06-10,35.0,Other,Chennai,35196.2,Basic,299,19.0,8.0,,1.0,3.0,No,0
CUST1930,2019-09-29,35.0,Male,,39679.63,Basic,299,64.0,15.0,1620.05,1.0,5.0,Yes,0
CUST1691,2023-04-11,32.0,Male,Hyderabad,100590.17,premium,999,21.0,9.0,1672.24,4.0,,No,1
CUST1408,23/10/2020,18.0,Male,Chennai,66241.67,Basic,299,51.0,10.0,138.62,2.0,3.0,Yes,0
CUST1426,2021-05-21,44.0,Female,Kolkata,,Basic,299,44.0,13.0,1014.24,1.0,5.0,Yes,0
CUST1503,2021-04-21,18.0,Female,Mumbai,34124.58,Basic,299,45.0,16.0,1333.78,3.0,2.0,Yes,0
CUST1452,2024-01-06,56.0,M,Hyderabad,185696.95,Basic,299,12.0,10.0,384.33,2.0,3.0,Yes,0
CUST1218,2023-05-11,33.0,Female,CHENNAI,67750.77,Basic,299,20.0,6.0,957.89,0.0,5.0,No,0
CUST1239,2023-11-07,29.0,Male,Pune,,Standard,599,14.0,5.0,225.85,0.0,,No,0
CUST1664,2023-01-11,34.0,Female,Pune,"₹83,441.99",Basic,299,24.0,10.0,881.57,1.0,5.0,No,1
CUST1598,2022-05-16,38.0,Female,Kolkata,,Basic,299,32.0,14.0,857.44,5.0,2.0,Yes,1
CUST1192,2023-08-09,31.0,Male,Mumbai,27124.23,Basic,299,17.0,5.0,1824.92,2.0,3.0,Yes,1
CUST1498,06/01/2024,18.0,Female,Mumbai,140428.16,Standard,599,12.0,8.0,1710.81,1.0,3.0,Yes,1
CUST1191,2022-06-15,,Male,Kolkata,"₹47,253.44",Basic,299,31.0,13.0,724.92,1.0,3.0,No,0
CUST1484,2022-07-15,34.0,Male,Delhi,66482.12,Basic,299,30.0,5.0,1564.65,6.0,2.0,No,1
CUST1504,2024-03-06,18.0,Male,Chennai,74769.99,Basic,299,10.0,9.0,961.68,0.0,4.0,No,0
CUST1630,2019-09-29,53.0,Female,Hyderabad,51356.81,Premium,999,64.0,15.0,,2.0,3.0,Yes,0
CUST1132,2023-09-08,42.0,F,Bengaluru,"₹141,515.17",Standard,599,16.0,8.0,1851.64,1.0,3.0,Yes,1
CUST1345,03/08/2024,18.0,Male,Pune,70077.32,Premium,999,5.0,8.0,1820.92,1.0,4.0,No,0
CUST1252,2024-04-05,54.0,Male,Hyderabad,54984.51,Standard,599,9.0,13.0,2733.11,1.0,3.0,No,0
CUST1685,2019-08-30,30.0,Male,Chennai,33255.68,Basic,299,65.0,18.0,1554.27,1.0,4.0,No,0
CUST1917,2021-05-21,41.0,F,Mumbai,27989.96,Basic,299,44.0,12.0,606.53,4.0,3.0,No,0
CUST1263,04/06/2024,29.0,Female,Mumbai,73518.65,Basic,299,7.0,5.0,1535.84,0.0,4.0,Yes,0
CUST1070,2023-02-10,21.0,Female,Kolkata,24064.62,basic,299,23.0,5.0,887.61,1.0,4.0,Yes,0
CUST1272,2021-02-20,34.0,F,Bengaluru,100454.26,Standard,599,47.0,15.0,529.89,1.0,5.0,No,0
CUST1985,2024-02-05,42.0,Female,Bengaluru,30232.17,Standard,599,11.0,11.0,1193.23,0.0,4.0,Yes,1
CUST1327,2024-02-05,34.0,,Bengaluru,63710.82,Premium,999,11.0,900.0,1624.41,3.0,3.0,Yes,1
CUST1115,"Dec 28, 2019",29.0,M,Kolkata,64857.71,basic,299,61.0,12.0,1085.41,0.0,4.0,Yes,0
CUST1323,2021-09-18,43.0,Female,Kochi,37951.56,Standard,599,40.0,6.0,1351.5,2.0,3.0,No,1
CUST1980,2019-03-03,40.0,Female,Kolkata,66361.54,Basic,299,71.0,19.0,645.3,4.0,2.0,No,1
CUST1677,2024-01-06,40.0,Other,DELHI,,Standard,599,12.0,13.0,1038.52,0.0,4.0,Yes,1
CUST1372,2021-10-18,44.0,M,Delhi,51182.27,Standard,599,39.0,10.0,903.78,3.0,4.0,Yes,1
CUST1624,2024-03-06,40.0,Male,,45088.27,Basic,299,10.0,12.0,1774.69,2.0,2.0,No,1
CUST1720,28/11/2019,34.0,Female,Hyderabad,38465.74,Basic,299,62.0,16.0,906.97,0.0,4.0,Yes,0
CUST1788,2022-06-15,23.0,Female,Kochi,34022.66,Standard,599,31.0,16.0,1266.49,1.0,4.0,Yes,0
CUST1455,2024-07-04,37.0,Male,Kochi,,Standard,599,6.0,8.0,841.59,2.0,,No,1
CUST1667,06/03/2024,40.0,Male,Bengaluru,41867.76,Basic,299,10.0,6.0,,1.0,5.0,No,0
CUST1868,"Apr 26, 2020",29.0,Male,Kochi,54406.69,Premium,999,57.0,19.0,1185.6,2.0,4.0,Yes,1
CUST1978,2020-04-26,19.0,Male, Kolkata ,22977.87,Basic,299,57.0,13.0,2001.18,4.0,2.0,No,1
CUST1861,2020-04-26,19.0,F, Kochi ,"₹47,776.98",Basic,299,57.0,8.0,900.18,1.0,1.0,Yes,1
CUST1278,2022-03-17,48.0,Male,Delhi,80718.48,Basic,299,34.0,12.0,,0.0,4.0,No,0
CUST1800,"Feb 05, 2024",26.0,Male,Kolkata,22285.58,Basic,299,11.0,9.0,1857.23,2.0,4.0,No,1
CUST1662,2021-07-20,25.0,Female, Mumbai ,38448.18,Basic,299,42.0,14.0,884.3,2.0,2.0,No,1
CUST1002,23/10/2020,43.0,M,Bombay,38995.98,Premium,999,51.0,9.0,2141.5,1.0,3.0,No,0
CUST1229,2023-11-07,32.0,F,Chennai,,standard,599,14.0,9.0,969.77,2.0,5.0,Yes,1
CUST1526,2019-11-28,51.0,Female,Kolkata,84982.92,Premium,999,62.0,20.0,1619.66,3.0,2.0,No,0
CUST1945,2020-03-27,31.0,F,Chennai,33410.99,Standard,599,58.0,24.0,1585.58,0.0,,Yes,0
CUST1471,2019-05-02,31.0,Female,Kochi,53029.44,Basic,299,69.0,13.0,664.33,1.0,,Yes,0
CUST1873,2022-05-16,36.0,F,Pune,87284.1,Basic,299,32.0,11.0,233.98,1.0,4.0,Yes,1
CUST1199,2020-09-23,33.0,Male,Hyderabad,,Premium,999,52.0,14.0,1458.44,2.0,2.0,No,0
CUST1371,2023-05-11,50.0,Other,Chennai,51391.91,Basic,299,20.0,18.0,194.57,3.0,3.0,No,1
CUST1875,2021-09-18,18.0,Male,Kolkata,"₹62,037.74",Basic,299,40.0,10.0,577.64,2.0,4.0,Yes,0
CUST1669,2022-05-16,18.0,Male,Kolkata,30629.56,Basic,299,32.0,10.0,1091.25,1.0,3.0,Yes,1
CUST1065,2023-12-07,44.0,Male,Hyderabad,57752.92,Premium,999,13.0,10.0,2455.02,1.0,3.0,Yes,1
CUST1485,2021-11-17,33.0,Male,Mumbai,55117.49,Basic,299,38.0,4.0,622.56,1.0,2.0,No,0
CUST1040,2019-11-28,43.0,M, Chennai ,63615.55,Basic,299,62.0,13.0,1606.38,2.0,4.0,Yes,0
CUST1756,2021-10-18,25.0,Male,Mumbai,43322.01,Basic,299,39.0,14.0,1295.06,3.0,3.0,Yes,0
CUST1493,2024-10-02,40.0,Male,Hyderabad,100846.2,Basic,299,3.0,2.0,684.03,1.0,4.0,Yes,0
CUST1442,04/06/2024,39.0,Other,Delhi,27091.98,Basic,299,7.0,6.0,516.72,2.0,5.0,Yes,0
CUST1515,2021-07-20,39.0,Male,Chennai,42116.41,Standard,599,42.0,16.0,1044.05,5.0,4.0,No,0
CUST1964,2019-12-28,35.0,Female,Mumbai,62326.02,basic,299,61.0,17.0,977.39,1.0,5.0,Yes,0
CUST1829,2020-02-26,18.0,Female,Bengaluru,,Basic,299,59.0,10.0,1176.7,0.0,5.0,Yes,0
CUST1273,2021-01-21,58.0,Male,Chennai,69248.97,Basic,299,48.0,8.0,881.13,1.0,5.0,Yes,1
CUST1708,05/02/2024,33.0,F,HYDERABAD,"₹29,407.57",Basic,299,11.0,17.0,668.91,0.0,5.0,No,0
CUST1641,2022-11-12,43.0,F,Bengaluru,73155.27,Standard,599,26.0,8.0,624.18,2.0,4.0,Yes,1
CUST1472,2023-02-10,32.0,Male,Pune,79186.27,Basic,299,23.0,11.0,276.42,1.0,4.0,Yes,0
CUST1771,2019-11-28,50.0,Male,Delhi,"₹43,700.06",Basic,299,62.0,13.0,871.11,2.0,3.0,No,1
CUST1177,2022-04-16,37.0,Female,Pune,76140.68,Standard,599,33.0,12.0,1220.72,0.0,4.0,Yes,0
CUST1300,2019-03-03,54.0,Female,,85841.94,Basic,299,71.0,10.0,336.83,0.0,4.0,No,0
CUST1037,2020-05-26,26.0,Male,Delhi,29512.2,premium,999,56.0,7.0,2556.01,0.0,3.0,Yes,0
CUST1601,"Dec 12, 2022",29.0,Male,Bengaluru,67280.19,Basic,299,25.0,13.0,859.55,0.0,3.0,Yes,1
CUST1202,"Aug 19, 2021",36.0,,Delhi,63781.28,Standard,599,41.0,13.0,957.61,1.0,4.0,No,0
CUST1236,2020-03-27,18.0,,Chennai,88193.66,Basic,299,58.0,18.0,1332.46,1.0,,Yes,0
CUST1149,2019-07-01,37.0,M,Chennai,29376.78,Basic,299,67.0,15.0,303.4,2.0,5.0,No,0
CUST1217,2024-08-03,50.0,M,Bengaluru,74225.1,Basic,299,5.0,3.0,703.58,1.0,5.0,Y,0
CUST1848,2024-07-04,27.0,Female,Delhi,,Basic,299,6.0,8.0,1005.48,2.0,7.0,Yes,0
CUST1733,2020-01-27,33.0,M,Pune,63982.39,Basic,299,60.0,15.0,1797.21,2.0,4.0,Yes,0
CUST1558,2022-06-15,,M,Mumbai,55128.72,Standard,599,31.0,6.0,1067.35,3.0,3.0,No,1
CUST1621,2021-01-21,35.0,M, Bengaluru ,31347.53,Standard,599,48.0,16.0,883.36,0.0,4.0,No,0
CUST1854,2022-12-12,38.0,Male,MUMBAI,141641.39,Basic,299,25.0,10.0,488.97,2.0,2.0,No,1
CUST1302,2019-07-01,45.0,Female,Bengaluru,,Standard,599,67.0,11.0,,2.0,3.0,Yes,0
CUST1872,2022-01-16,43.0,Male,Mumbai,46762.97,Basic,299,36.0,11.0,628.45,4.0,4.0,No,1
CUST1932,"May 02, 2019",48.0,Female,Delhi,49608.63,Basic,299,69.0,14.0,375.34,2.0,2.0,Yes,0
CUST1681,2022-06-15,,Male,Chennai,35307.76,Standard,599,31.0,12.0,693.15,0.0,5.0,Yes,0
CUST1961,2020-07-25,36.0,M,Kolkata,50638.35,Standard,599,54.0,17.0,1536.47,1.0,3.0,Yes,0
CUST1388,2022-12-12,38.0,Male, Mumbai ,53116.1,Standard,599,25.0,11.0,1375.63,1.0,4.0,Yes,0
CUST1431,"May 02, 2019",,Male,Hyderabad,39844.86,Basic,299,69.0,10.0,786.36,0.0,5.0,No,0
CUST1387,2021-02-20,41.0,M,Hyderabad,30242.05,Premium,999,47.0,12.0,2671.28,0.0,,Yes,0
CUST1905,24/08/2020,58.0,Male,Kochi,51078.37,Standard,599,53.0,19.0,2539.78,3.0,2.0,No,0
CUST1390,2024-01-06,18.0,M,Hyderabad,110461.5,standard,599,12.0,8.0,240.61,0.0,4.0,No,1
CUST1956,2023-07-10,30.0,F,,"₹24,395.85",Basic,299,18.0,9.0,1250.97,2.0,4.0,Yes,0
CUST1352,2023-12-07,29.0,Male,Mumbai,15960.34,Basic,299,13.0,7.0,857.84,0.0,4.0,Yes,0
CUST1193,2019-09-29,51.0,F,Mumbai,,Standard,599,64.0,13.0,552.86,2.0,4.0,Yes,0
CUST1235,2022-11-12,28.0,Other,Kolkata,168405.08,Premium,999,26.0,5.0,,1.0,4.0,No,0
CUST1451,04/07/2024,39.0,Other,Hyderabad,26852.52,Basic,299,6.0,9.0,696.7,2.0,4.0,Yes,1
CUST1849,26/04/2020,0.0,Male,Chennai,42011.85,Basic,299,57.0,12.0,430.89,2.0,4.0,Yes,0
CUST1055,10/07/2023,,Male,Bengaluru,66029.36,Standard,599,18.0,8.0,1759.06,2.0,3.0,No,0
CUST1696,2021-01-21,18.0,Male,Delhi,22020.48,Standard,599,48.0,8.0,2343.84,0.0,3.0,Yes,0
CUST1096,2023-03-12,20.0,Female,Hyderabad,,Basic,299,22.0,6.0,654.61,2.0,3.0,No,1
CUST1141,2021-01-21,24.0,Male,Bengaluru,42377.42,Standard,599,48.0,13.0,,0.0,5.0,No,0
CUST1709,11/05/2023,42.0,Female,Bengaluru,72083.03,Premium,999,20.0,12.0,2609.09,1.0,3.0,Yes,1
CUST1876,2022-03-17,35.0,Male,Mumbai,24415.12,Standard,599,34.0,10.0,1774.29,6.0,1.0,No,0
CUST1552,2020-03-27,38.0,Female,Mumbai,48118.17,Basic,299,-5.0,13.0,,2.0,3.0,Yes,1
CUST1921,2020-03-27,25.0,Female,Mumbai,74985.66,Premium,999,58.0,15.0,2995.19,2.0,4.0,Yes,0
CUST1120,2019-08-30,,M, Pune ,48593.89,Basic,299,65.0,14.0,2434.96,2.0,,No,1
CUST1609,2021-12-17,41.0,Male,Delhi,42015.22,Standard,599,37.0,11.0,1097.89,2.0,3.0,Yes,0
CUST1820,2024-02-05,30.0,Other,Pune,120084.49,Basic,299,300.0,8.0,1019.1,0.0,5.0,No,0
CUST1062,2019-08-30,37.0,Female,Bengaluru,"₹47,869.33",Basic,299,65.0,17.0,639.24,3.0,3.0,No,1
CUST1770,2023-04-11,,Female,Delhi,35690.74,Basic,299,21.0,9.0,458.44,1.0,3.0,Y,0
CUST1465,2020-06-25,30.0,Female,Mumbai,57856.28,Standard,599,55.0,14.0,313.17,2.0,4.0,Yes,0
CUST1414,2020-10-23,32.0,M,Chennai,112274.52,Basic,299,51.0,16.0,821.67,1.0,3.0,No,0
CUST1003,2021-05-21,45.0,M,CHENNAI,64272.33,Basic,299,44.0,7.0,968.29,1.0,4.0,Yes,1
CUST1058,"Feb 10, 2023",,M,,,Basic,299,23.0,10.0,1650.45,3.0,3.0,No,0
CUST1223,2020-08-24,23.0,F,Mumbai,31112.8,Premium,999,53.0,11.0,3748.09,1.0,4.0,No,1
CUST1627,2020-06-25,50.0,Female,Bengaluru,98102.19,Premium,999,55.0,15.0,4507.97,1.0,2.0,N,0
CUST1101,2023-02-10,49.0,Male,Delhi,89887.69,basic,299,23.0,9.0,867.39,0.0,4.0,Yes,1
CUST1731,2024-08-03,36.0,Other,Bengaluru,53831.86,Standard,599,5.0,13.0,2574.66,3.0,5.0,Yes,0
CUST1221,"Mar 22, 2021",38.0,Female, Pune ,29951.81,Standard,599,46.0,17.0,370.63,5.0,,Yes,1
CUST1478,2021-08-19,35.0,Female,Mumbai,76104.55,Premium,999,41.0,10.0,877.24,3.0,4.0,Yes,0
CUST1004,2019-08-30,18.0,Male,Hyderabad,31422.89,Basic,299,65.0,13.0,1601.39,2.0,2.0,Yes,0
CUST1052,2020-04-26,19.0,Female,Bengaluru,101605.71,Premium,999,57.0,11.0,2595.63,3.0,2.0,No,0
CUST1017,2022-05-16,24.0,Male,Bangalore,25045.61,Basic,299,32.0,5.0,943.41,1.0,5.0,Yes,0
CUST1755,2021-12-17,47.0,Female,,96946.9,Standard,599,37.0,7.0,1018.58,1.0,4.0,Yes,0
CUST1924,2020-07-25,33.0,Female,PUNE,50363.47,Basic,299,54.0,6.0,2096.96,3.0,4.0,Yes,1
CUST1306,2024-02-05,31.0,Female,Mumbai,23598.64,Standard,599,11.0,9.0,1642.95,1.0,3.0,No,1
CUST1674,2019-11-28,,M,Kolkata,,Basic,299,62.0,12.0,1326.09,1.0,3.0,No,0
CUST1155,2020-10-23,54.0,Male, Mumbai ,86959.34,Premium,999,51.0,21.0,1129.99,0.0,5.0,No,0
CUST1492,2022-03-17,,Male,Pune,51897.87,Basic,299,34.0,10.0,465.25,1.0,3.0,Yes,0
CUST1744,"Oct 13, 2022",36.0,Male,Mumbai,"₹26,079.87",Standard,599,27.0,11.0,,2.0,,Yes,0
CUST1651,2023-02-10,33.0,Female,Delhi,45630.03,Basic,299,23.0,13.0,987.83,3.0,3.0,Yes,0
CUST1248,17/03/2022,67.0,Female,Kolkata,44010.48,Basic,299,34.0,16.0,501.82,1.0,5.0,Yes,0
CUST1249,10/02/2023,22.0,F,Delhi,35450.31,Standard,599,23.0,14.0,2452.09,0.0,4.0,Yes,0
CUST1358,2021-01-21,26.0,Male,Mumbai,44397.31,Standard,599,48.0,6.0,466.65,2.0,,Yes,0
CUST1487,2023-02-10,40.0,F,Bengaluru,58960.39,Premium,999,23.0,15.0,750.67,1.0,3.0,No,0
CUST1430,2024-04-05,,F,HYDERABAD,87547.86,Premium,999,9.0,5.0,,2.0,3.0,Yes,0
CUST1441,27/03/2020,39.0,Male,Mumbai,73768.68,Standard,599,58.0,17.0,548.1,3.0,3.0,Yes,0
CUST1828,2019-07-01,48.0,F,Mumbai,18778.57,Basic,299,67.0,12.0,564.41,1.0,4.0,Yes,0
CUST1862,2024-07-04,34.0,Male,Delhi,52556.05,Basic,299,6.0,11.0,285.99,1.0,3.0,No,1
CUST1030,2023-10-08,,Other,Pune,113316.25,Standard,599,15.0,8.0,1716.77,0.0,3.0,No,1
CUST1281,02/10/2024,18.0,Female,Delhi,49595.8,Basic,299,3.0,7.0,1973.49,1.0,4.0,Yes,1
CUST1686,2021-11-17,44.0,M,Hyderabad,65885.04,standard,599,38.0,5.0,659.49,1.0,4.0,Yes,0
CUST1983,2024-05-05,43.0,F,Delhi,47176.37,Standard,599,8.0,15.0,1542.67,1.0,3.0,Yes,1
CUST1117,2019-05-02,35.0,Male,Hyderabad,75099.46,Basic,299,69.0,12.0,,1.0,,Yes,0
CUST1737,2019-08-30,44.0,F,Pune,90193.4,Standard,599,65.0,9.0,1458.1,3.0,2.0,No,0
CUST1116,13/09/2022,38.0,F,Mumbai,81039.34,Standard,599,28.0,12.0,,1.0,2.0,Yes,1
CUST1528,2024-03-06,38.0,Female,Chennai,"₹49,254.93",Standard,599,10.0,5.0,2516.7,1.0,3.0,No,0
CUST1676,2024-12-01,61.0,Male,DELHI,,Standard,599,1.0,5.0,1043.21,2.0,2.0,Yes,1
CUST1291,2019-07-01,37.0,Male,,193514.74,Standard,599,67.0,12.0,109.43,2.0,3.0,Yes,0
CUST1027,2019-07-31,39.0,Male,Chennai,44435.56,Standard,599,66.0,13.0,500.53,1.0,3.0,Yes,0
CUST1381,2020-03-27,49.0,Female,Delhi,112783.55,Basic,299,58.0,12.0,1522.88,2.0,4.0,Yes,0
CUST1307,2024-02-05,49.0,Female,Hyderabad,48502.78,Basic,299,11.0,5.0,825.48,1.0,4.0,Yes,0
CUST1551,2019-07-01,41.0,Male,Delhi,107218.61,Premium,999,67.0,15.0,2113.31,5.0,1.0,Yes,1
CUST1680,2020-09-23,44.0,Female,Delhi,55613.25,Basic,299,52.0,18.0,1298.95,0.0,4.0,No,0
CUST1200,16/01/2022,39.0,M,Pune,76872.94,Basic,299,36.0,5.0,2343.65,3.0,10.0,No,0
CUST1580,08/10/2023,18.0,Male,Bengaluru,62783.18,Basic,299,15.0,11.0,2103.33,2.0,3.0,Yes,0
CUST1385,2023-11-07,26.0,F,,44122.35,Premium,999,14.0,13.0,2748.63,1.0,5.0,Yes,0
CUST1724,2020-09-23,25.0,Female,,58834.74,Premium,999,52.0,9.0,1224.66,1.0,,Yes,0
CUST1672,17/11/2021,27.0,Male,DELHI,49290.24,Premium,999,38.0,13.0,754.91,2.0,3.0,Yes,0
CUST1600,2023-11-07,41.0,Male,Bengaluru,,Standard,599,14.0,7.0,1730.52,2.0,2.0,Yes,1
CUST1807,2024-12-01,21.0,Male,Bengaluru,56012.79,Premium,999,1.0,4.0,1193.82,0.0,5.0,Yes,0
CUST1757,2024-09-02,44.0,M,Hyderabad,58317.0,Basic,299,4.0,9.0,,2.0,3.0,Yes,1
CUST1314,2023-07-10,44.0,Male,MUMBAI,,Standard,599,18.0,7.0,1368.56,2.0,5.0,Yes,1
CUST1511,2022-11-12,32.0,M,Kochi,47668.94,Standard,599,26.0,9.0,2533.96,3.0,3.0,Yes,0
CUST1280,2022-12-12,40.0,Female,,47293.68,Basic,299,25.0,12.0,1504.29,3.0,3.0,No,0
CUST1967,2021-10-18,27.0,Female,Delhi,86296.59,Premium,999,39.0,13.0,1490.9,3.0,3.0,Yes,0
CUST1768,2024-08-03,21.0,Female,Chennai,62702.18,Standard,599,5.0,6.0,,2.0,3.0,Yes,1
CUST1353,2020-11-22,44.0,Female,Hyderabad,39496.86,Standard,599,50.0,10.0,884.53,1.0,4.0,No,0
CUST1655,"Jul 20, 2021",39.0,Female,Kochi,107716.82,Premium,999,42.0,8.0,45000.0,1.0,3.0,Yes,1
CUST1207,26/05/2020,22.0,M,Bengaluru,49813.65,Basic,299,56.0,12.0,,1.0,,No,0
CUST1379,2024-03-06,30.0,Male,Bengaluru,"₹48,343.01",Standard,599,10.0,8.0,532.83,0.0,4.0,Yes,0
CUST1776,2024-05-05,23.0,M,Pune,74894.2,basic,299,8.0,14.0,1273.23,0.0,3.0,Yes,0
CUST1412,01/06/2019,28.0,Female, Bengaluru ,"₹31,588.86",Standard,599,68.0,18.0,1413.76,1.0,5.0,No,0
CUST1804,2022-05-16,49.0,,,97942.86,Basic,299,32.0,9.0,713.43,1.0,4.0,No,1
CUST1023,2022-04-16,33.0,Female,Mumbai,20428.82,Standard,599,33.0,11.0,981.01,1.0,5.0,Yes,0
CUST1340,2019-12-28,18.0,Male,Bombay,66483.2,Premium,999,61.0,15.0,1818.11,3.0,3.0,No,1
CUST1705,2019-06-01,24.0,M,Mumbai,"₹80,614.11",Premium,999,68.0,13.0,1273.91,7.0,2.0,Yes,1
CUST1649,"Jan 21, 2021",31.0,Male,Delhi,37153.59,Premium,999,48.0,13.0,2809.4,1.0,4.0,Yes,0
CUST1154,2022-10-13,34.0,F,Pune,104187.54,Standard,599,27.0,7.0,810.72,0.0,4.0,Yes,1
CUST1874,2020-04-26,18.0,Female,Chennai,59404.08,Standard,599,57.0,9.0,885.67,2.0,3.0,No,0
CUST1565,2024-05-05,43.0,F,Bengaluru,49390.77,Standard,599,8.0,5.0,627.31,3.0,,No,0
CUST1867,2023-02-10,31.0,Female,Bombay,38209.35,Standard,599,23.0,6.0,1169.21,2.0,4.0,No,0
CUST1798,2020-07-25,46.0,Male,Hyderabad,47845.24,Standard,599,54.0,11.0,1382.99,5.0,4.0,No,0
CUST1322,2023-06-10,48.0,Male,Chennai,"₹38,629.45",Basic,299,19.0,13.0,756.41,3.0,5.0,Yes,0
CUST1611,12/12/2022,38.0,Male,Hyderabad,59960.83,Basic,299,25.0,6.0,1854.76,1.0,,Yes,1
CUST1594,2020-11-22,21.0,M,Delhi,38072.0,Standard,599,50.0,9.0,934.79,1.0,3.0,Yes,0
CUST1082,2021-02-20,31.0,F,Mumbai,28908.68,Basic,299,47.0,13.0,1131.82,1.0,4.0,Yes,0
CUST1591,2019-06-01,38.0,Male,Chennai,,Basic,299,68.0,9.0,585.21,2.0,5.0,No,0
CUST1464,2019-04-02,23.0,Female,Bengaluru,,Premium,999,70.0,10.0,790.56,4.0,4.0,No,0
CUST1743,2021-12-17,18.0,Male,Delhi,,Standard,599,37.0,13.0,1517.04,0.0,,Yes,0
CUST1333,2019-07-31,24.0,Male, Bengaluru ,43287.21,Basic,299,66.0,14.0,2337.53,2.0,4.0,Yes,0
CUST1010,2019-09-29,45.0,M,Mumbai,31039.47,Standard,599,64.0,15.0,1189.78,0.0,5.0,No,0
CUST1470,2019-07-01,39.0,Female,Mumbai,,Standard,599,67.0,20.0,667.5,1.0,5.0,Yes,0
CUST1032,2022-02-15,,Female,KOCHI,84609.06,Basic,299,35.0,13.0,643.25,2.0,3.0,Y,1
CUST1958,2022-05-16,35.0,Male,Chennai,50979.6,Basic,299,32.0,14.0,528.07,0.0,4.0,Yes,0
CUST1941,2021-08-19,45.0,M,Kolkata,34258.28,Basic,299,41.0,11.0,,2.0,4.0,N,1
CUST1382,02/04/2019,18.0,Female,Chennai,,Premium,999,70.0,12.0,2639.32,1.0,3.0,Yes,0
CUST1623,2020-04-26,28.0,Male, Mumbai ,15942.14,Basic,299,57.0,25.0,839.15,0.0,3.0,No,0
CUST1563,2020-08-24,27.0,Female,Kochi,101125.3,Basic,299,53.0,12.0,1220.05,2.0,4.0,No,1
CUST1915,2019-12-28,48.0,Female,Mumbai,55346.18,Basic,299,61.0,15.0,945.67,1.0,4.0,Yes,0
CUST1937,2021-03-22,34.0,Female,Mumbai,58418.4,Basic,299,46.0,8.0,1028.79,0.0,3.0,Yes,1
CUST1378,2023-11-07,53.0,Female,Chennai,159194.14,Basic,299,14.0,10.0,214.36,0.0,4.0,No,0
CUST1089,2023-06-10,40.0,Male,Bengaluru,52233.26,Basic,299,19.0,7.0,413.93,2.0,4.0,No,0
CUST1213,2023-12-07,30.0,F,Bengaluru,"₹52,596.09",Basic,299,13.0,6.0,1402.29,1.0,3.0,No,0
CUST1969,2020-06-25,35.0,M,Mumbai,28573.15,Basic,299,55.0,13.0,1727.73,2.0,3.0,No,0
CUST1133,"Nov 07, 2023",33.0,Female,Delhi,33723.0,Basic,299,14.0,4.0,915.41,0.0,4.0,No,0
CUST1346,2023-09-08,28.0,Male,Delhi,50501.18,Standard,599,16.0,12.0,949.97,1.0,4.0,Y,0
CUST1007,2023-11-07,32.0,F,Kolkata,55582.1,Standard,599,14.0,9.0,422.31,3.0,3.0,No,0
CUST1626,2019-10-29,30.0,F,,41631.35,Basic,299,63.0,8.0,843.04,1.0,,Yes,0
CUST1320,2020-07-25,44.0,M,,73424.21,Basic,299,54.0,12.0,402.52,3.0,,No,0
CUST1792,2023-12-07,41.0,F,DELHI,55664.09,Premium,999,13.0,6.0,788.71,1.0,4.0,Yes,0
CUST1187,2020-12-22,22.0,Female,Bengaluru,24568.44,Basic,299,49.0,14.0,109.36,3.0,,No,0
CUST1304,05/02/2024,34.0,M,Mumbai,"₹30,362.88",Basic,299,11.0,16.0,813.4,2.0,3.0,No,0
CUST1031,2019-10-29,31.0,Male,Chennai,78153.13,Premium,999,63.0,14.0,,0.0,,Y,0
CUST1620,16/04/2022,30.0,M,Pune,99038.1,Standard,599,33.0,11.0,1267.96,0.0,4.0,Yes,0
CUST1240,2022-02-15,25.0,M,Mumbai,27888.74,Premium,999,35.0,12.0,3089.42,0.0,4.0,No,1
CUST1736,2022-01-16,44.0,F,Hyderabad,149196.97,Standard,599,36.0,12.0,1355.27,5.0,2.0,No,1
CUST1174,2020-04-26,21.0,Male, Mumbai ,32379.62,Basic,299,57.0,8.0,1754.77,0.0,4.0,No,0
CUST1245,2024-08-03,21.0,M,Bengaluru,30457.84,Standard,599,5.0,18.0,633.91,4.0,3.0,No,0
CUST1056,2024-01-06,32.0,Female,Pune,33300.14,Basic,299,12.0,10.0,1090.43,1.0,,Yes,0
CUST1760,2021-05-21,49.0,Male,Chennai,55789.82,Basic,299,44.0,11.0,745.17,4.0,2.0,Yes,1
CUST1145,2021-03-22,30.0,Female,Hyderabad,23561.61,Basic,299,46.0,9.0,323.42,1.0,4.0,No,0
CUST1090,2023-08-09,42.0,Female,BENGALURU,68026.72,Basic,299,17.0,5.0,770.14,1.0,4.0,Yes,0
CUST1392,2023-08-09,30.0,Male,Kolkata,18319.45,basic,299,17.0,8.0,1359.84,1.0,3.0,No,0
CUST1310,2023-04-11,48.0,Female, Mumbai ,,Basic,299,21.0,9.0,541.8,0.0,4.0,Yes,0
CUST1359,2024-02-05,33.0,Female,CHENNAI,42171.21,Standard,599,11.0,8.0,1599.88,1.0,3.0,Yes,1
CUST1093,2024-04-05,34.0,Female,Mumbai,110832.85,Premium,999,9.0,10.0,120000.0,3.0,,No,0
CUST1701,2020-12-22,32.0,Female,Delhi,39004.72,basic,299,49.0,17.0,1522.41,0.0,4.0,No,0
CUST1782,2020-12-22,55.0,M,Chennai,80416.62,Basic,299,49.0,14.0,1059.17,1.0,4.0,Yes,0
CUST1376,2023-04-11,33.0,Other,Kochi,,Standard,599,21.0,6.0,1136.32,3.0,3.0,Yes,1
CUST1243,2024-08-03,19.0,Female,Pune,35331.88,Basic,299,5.0,6.0,892.88,0.0,4.0,Yes,0
CUST1834,2021-03-22,,Female,Mumbai,37765.85,Premium,999,46.0,10.0,341.1,3.0,4.0,Yes,1
CUST1087,21/05/2021,,Female,Delhi,58669.32,premium,999,44.0,8.0,3543.51,0.0,5.0,No,1
CUST1214,2022-03-17,31.0,Female, Bengaluru ,32135.51,Basic,299,34.0,13.0,1012.39,0.0,5.0,No,0
CUST1993,2024-11-01,49.0,Female,Chennai,71692.6,Basic,299,2.0,13.0,2779.91,0.0,4.0,N,0
CUST1173,2023-01-11,22.0,M,Bombay,50523.06,Premium,999,24.0,11.0,1199.87,1.0,3.0,No,1
CUST1425,26/04/2020,31.0,Female, Pune ,29353.03,basic,299,57.0,19.0,1553.79,1.0,3.0,Yes,0
CUST1918,2022-10-13,50.0,Other,Pune,45700.46,basic,299,27.0,12.0,887.42,1.0,3.0,Yes,1
CUST1118,2024-03-06,,Male,Hyderabad,86384.03,Basic,299,10.0,14.0,458.01,1.0,2.0,Yes,1
CUST1119,2022-03-17,32.0,F,Chennai,62521.49,Basic,299,34.0,10.0,804.81,2.0,3.0,Yes,1
CUST1682,2021-05-21,49.0,F,Cochin,45032.27,Basic,299,44.0,16.0,1390.8,2.0,4.0,No,1
CUST1000,2024-03-06,38.0,F, Hyderabad ,76447.08,Basic,299,10.0,7.0,1131.26,1.0,4.0,No,0
CUST1394,2024-03-06,43.0,Male,Hyderabad,195777.99,Basic,299,10.0,11.0,1724.18,2.0,3.0,No,0
CUST1401,2024-03-06,37.0,M,Chennai,57207.03,standard,599,10.0,13.0,404.41,4.0,3.0,No,0
CUST1404,2023-07-10,41.0,Other,Hyderabad,56606.08,Standard,599,18.0,12.0,1234.74,4.0,2.0,Yes,0
CUST1625,2021-07-20,29.0,Male,Pune,,Standard,599,42.0,11.0,969.14,2.0,4.0,Yes,0
CUST1632,2021-11-17,31.0,M,MUMBAI,52264.9,Standard,599,38.0,10.0,1276.49,1.0,4.0,Yes,0
CUST1162,05/02/2024,58.0,Female,Chennai,92083.18,Basic,299,11.0,12.0,477.4,0.0,4.0,No,1
CUST1114,2023-12-07,36.0,Female,Mumbai,31920.06,Basic,299,13.0,12.0,1296.17,1.0,4.0,Yes,0
CUST1150,2023-05-11,33.0,Female,Mumbai,"₹103,027.77",Basic,299,20.0,8.0,909.84,1.0,4.0,Yes,1
CUST1595,2024-11-01,30.0,Male,Mumbai,,basic,299,2.0,6.0,745.7,3.0,3.0,No,1
CUST1587,16/01/2022,26.0,Female,Delhi,53082.59,Premium,999,36.0,11.0,1761.45,0.0,5.0,Yes,0
CUST1749,2024-05-05,25.0,Male,Delhi,64491.03,Basic,299,8.0,10.0,287.84,1.0,5.0,Yes,0
CUST1368,2024-07-04,37.0,M,Pune,95572.08,Basic,299,6.0,9.0,1105.79,0.0,4.0,Yes,0
CUST1543,03/08/2024,,Other,Mumbai,84273.62,Basic,299,5.0,3.0,1276.81,1.0,3.0,Yes,1
CUST1477,2020-10-23,22.0,Female,Mumbai,30761.72,Basic,299,51.0,10.0,1115.18,2.0,4.0,No,1
CUST1532,2022-03-17,30.0,M,Mumbai,39584.59,Basic,299,34.0,14.0,,2.0,3.0,No,0
CUST1999,2020-10-23,44.0,Male,Kochi,31362.32,Basic,299,51.0,12.0,801.08,0.0,4.0,No,0
CUST1597,2023-07-10,44.0,F,Pune,85691.16,basic,299,18.0,10.0,767.89,4.0,3.0,No,0
CUST1970,2021-11-17,32.0,Female,Hyderabad,"₹38,821.97",Premium,999,38.0,10.0,1688.13,1.0,,No,1
CUST1258,2024-07-04,34.0,Male,Delhi,72692.98,Basic,299,6.0,16.0,1032.1,1.0,,Yes,1
CUST1857,2023-04-11,40.0,Female,Chennai,64836.52,Standard,599,21.0,4.0,1630.03,1.0,2.0,No,0
CUST1135,"May 02, 2019",24.0,M,Bengaluru,35031.14,Premium,999,69.0,17.0,699.07,0.0,4.0,Yes,0
CUST1936,2021-05-21,22.0,Other,Kolkata,101519.7,Premium,999,44.0,9.0,1331.3,2.0,4.0,Yes,0
CUST1644,2019-07-01,31.0,F,Bengaluru,76186.65,Basic,299,67.0,9.0,839.01,1.0,4.0,Yes,0
CUST1592,2022-02-15,55.0,Male,Bengaluru,57409.34,Standard,599,35.0,12.0,2763.98,1.0,5.0,Yes,0
CUST1806,2022-05-16,34.0,Female,Bengaluru,45572.33,premium,999,32.0,11.0,1599.15,0.0,5.0,No,0
CUST1501,2021-03-22,45.0,Female,Hyderabad,58467.22,basic,299,46.0,7.0,462.77,1.0,4.0,No,0
CUST1538,2024-06-04,18.0,Female,Hyderabad,30162.77,Standard,599,7.0,12.0,785.42,2.0,3.0,Yes,0
CUST1663,2020-11-22,31.0,Other,Bengaluru,87561.42,Standard,599,50.0,12.0,435.99,3.0,4.0,Yes,1
CUST1581,2019-12-28,22.0,M,Delhi,35713.62,Premium,999,61.0,22.0,191.99,1.0,,No,0
CUST1343,2024-12-01,40.0,F,Mumbai,26528.4,Basic,299,1.0,11.0,1708.07,2.0,4.0,No,0
CUST1684,20/02/2021,30.0,Female,Chennai,57345.2,Basic,299,47.0,6.0,1010.89,3.0,3.0,Yes,0
CUST1922,09/08/2023,36.0,M,MUMBAI,20240.34,Basic,299,17.0,5.0,1212.9,1.0,,Yes,1
CUST1293,10/06/2023,18.0,Male,Chennai,"₹22,689.85",Standard,599,19.0,7.0,1849.8,0.0,4.0,Yes,0
CUST1364,2021-05-21,34.0,M,Chennai,58443.46,Basic,299,44.0,17.0,519.81,2.0,4.0,No,0
CUST1814,"Sep 02, 2024",28.0,Female,Bengaluru,60258.6,Basic,299,4.0,12.0,884.59,2.0,3.0,No,1
CUST1014,2021-01-21,40.0,,Delhi,23851.36,Basic,299,48.0,15.0,,0.0,5.0,Yes,0
CUST1086,"Jun 04, 2024",30.0,M,Mumbai,36305.41,Basic,299,7.0,8.0,564.66,1.0,5.0,No,0
CUST1370,2020-01-27,35.0,Male,Delhi,49275.21,Standard,599,60.0,17.0,684.19,0.0,4.0,No,0
CUST1165,2021-01-21,25.0,Female,,59142.11,Standard,599,48.0,14.0,1557.63,1.0,3.0,Yes,0
CUST1892,2022-12-12,31.0,Female,Chennai,"₹61,962.10",Basic,299,25.0,7.0,806.24,2.0,3.0,No,0
CUST1335,31/07/2019,22.0,Male,Bengaluru,110293.22,Basic,299,66.0,18.0,522.86,2.0,3.0,Yes,0
CUST1059,2022-10-13,46.0,Female,Pune,43881.07,Standard,599,27.0,8.0,1416.96,0.0,5.0,Yes,0
CUST1354,2019-05-02,47.0,Male,MUMBAI,62853.03,Basic,299,69.0,9.0,699.95,3.0,4.0,Yes,0
CUST1424,2023-05-11,25.0,M,Chennai,58384.54,Basic,299,20.0,16.0,320.31,3.0,1.0,No,0
CUST1292,2020-07-25,51.0,F,Delhi,50835.34,Basic,299,54.0,19.0,966.84,1.0,5.0,Yes,0
CUST1041,2022-01-16,41.0,,Kochi,107751.87,Basic,299,36.0,9.0,809.91,1.0,4.0,No,0
CUST1329,2019-07-01,29.0,Male, Kolkata ,33989.69,Standard,599,67.0,17.0,1839.6,1.0,4.0,Yes,0
CUST1614,2022-10-13,26.0,Female,Pune,49240.98,Premium,999,27.0,10.0,1066.16,3.0,3.0,N,0
CUST1429,2022-03-17,39.0,Female,Delhi,64343.48,Basic,299,34.0,9.0,1035.72,1.0,4.0,Yes,0
CUST1079,2019-11-28,,,Mumbai,95601.82,Standard,599,62.0,15.0,898.46,3.0,4.0,No,0
CUST1028,2020-04-26,40.0,Female,Mumbai,83532.88,Standard,599,57.0,6.0,1266.02,2.0,3.0,Yes,0
CUST1254,2019-06-01,32.0,Female,Delhi,69454.21,Standard,599,68.0,8.0,775.37,1.0,4.0,Yes,0
CUST1758,17/03/2022,42.0,Female,Kochi,,basic,299,34.0,11.0,822.08,5.0,,Yes,1
CUST1458,2020-01-27,39.0,,Pune,165449.1,Standard,599,60.0,12.0,1203.41,0.0,4.0,No,0
CUST1383,2020-12-22,,Female,Mumbai,,Basic,299,49.0,11.0,,1.0,4.0,Yes,0
CUST1313,01/11/2024,40.0,M,Mumbai,,Basic,299,2.0,9.0,996.61,2.0,4.0,No,1
CUST1084,2024-12-01,22.0,Female,Delhi,42558.13,Standard,599,1.0,6.0,1745.64,0.0,3.0,Yes,0
CUST1574,2020-04-26,37.0,Male,Bengaluru,73047.49,basic,299,57.0,12.0,270.68,2.0,5.0,No,1
CUST1136,2020-10-23,38.0,F,Delhi,43202.36,Basic,299,51.0,11.0,674.95,2.0,3.0,Yes,0
CUST1111,29/10/2019,38.0,Female,MUMBAI,102886.14,Basic,299,63.0,15.0,1177.97,3.0,3.0,Yes,0
CUST1194,2021-10-18,23.0,M,Kolkata,41762.1,Basic,299,39.0,10.0,1806.34,3.0,4.0,Yes,1
CUST1178,2024-08-03,34.0,Male,Bengaluru,91957.46,Standard,599,5.0,7.0,1813.25,0.0,4.0,No,1
CUST1896,30/08/2019,28.0,F,Delhi,65238.54,Premium,999,65.0,12.0,2888.68,1.0,4.0,Yes,0
CUST1496,2024-05-05,18.0,Male,Kolkata,47177.44,Premium,999,500.0,10.0,1884.76,0.0,4.0,Yes,0
CUST1129,2023-12-07,25.0,M,Pune,52381.55,Standard,599,13.0,10.0,337.22,1.0,4.0,Yes,0
CUST1337,2021-02-20,38.0,Male,Delhi,44587.32,Standard,599,47.0,8.0,493.2,4.0,3.0,Yes,0
CUST1608,2019-08-30,18.0,M,Pune,77520.12,Basic,299,65.0,12.0,562.16,3.0,3.0,No,0
CUST1124,2023-02-10,44.0,Female,Mumbai,62441.96,Standard,599,23.0,9.0,998.48,1.0,5.0,No,0
CUST1971,2021-12-17,34.0,Female,Chennai,34254.09,Premium,999,37.0,11.0,1919.91,1.0,,No,0
CUST1226,2024-02-05,,Male,Kochi,66636.05,Premium,999,11.0,13.0,2488.9,1.0,3.0,Yes,0
CUST1268,2020-04-26,36.0,Male,Bengaluru,74610.01,Basic,299,57.0,11.0,1749.19,1.0,5.0,Yes,0
CUST1988,2019-05-02,32.0,Male,Chennai,,premium,999,69.0,10.0,3751.14,0.0,4.0,Yes,1
CUST1968,"Mar 27, 2020",45.0,Female,HYDERABAD,81547.64,Basic,299,58.0,24.0,301.97,2.0,4.0,No,0
CUST1103,2023-10-08,43.0,Male,Hyderabad,51883.9,Premium,999,15.0,9.0,2225.68,0.0,5.0,No,0
CUST1593,2023-05-11,,M,Delhi,44593.49,Basic,299,20.0,13.0,701.15,2.0,3.0,Yes,0
CUST1863,2021-05-21,36.0,M,Kolkata,71862.83,Standard,599,44.0,8.0,,3.0,,No,1
CUST1795,2019-04-02,34.0,M,Delhi,40579.43,Standard,599,70.0,12.0,810.89,2.0,2.0,Yes,1
CUST1227,2019-12-28,56.0,M,Bengaluru,46446.85,Premium,999,61.0,12.0,1491.09,1.0,4.0,Yes,1
CUST1894,04/07/2024,32.0,Male,Kolkata,,Standard,599,6.0,10.0,657.8,0.0,3.0,Yes,0
CUST1301,"Jul 04, 2024",,Male,Pune,"₹43,363.55",Basic,299,6.0,4.0,990.17,1.0,5.0,No,0
CUST1275,2020-10-23,39.0,Male,Kochi,"₹63,149.29",Standard,599,51.0,10.0,1242.59,1.0,4.0,No,0
CUST1126,2021-05-21,51.0,Female,Delhi,32841.82,Premium,999,44.0,8.0,1569.3,5.0,3.0,Yes,0
CUST1405,2023-04-11,32.0,M,Kochi,44184.06,Basic,299,21.0,12.0,563.69,3.0,1.0,Yes,1
CUST1900,2023-10-08,39.0,Male,Bengaluru,"₹28,775.45",Basic,299,15.0,7.0,2038.38,2.0,3.0,No,1
CUST1036,2024-11-01,34.0,Female, BENGALURU ,48365.6,Basic,299,2.0,15.0,444.66,0.0,5.0,Yes,1
CUST1139,2021-03-22,67.0,Female,Bengaluru,147829.84,Standard,599,46.0,14.0,1544.75,1.0,4.0,Yes,0
CUST1303,2020-09-23,31.0,F,Chennai,,premium,999,52.0,9.0,3104.77,0.0,4.0,No,0
CUST1267,2024-07-04,39.0,Female,Bengaluru,56789.62,Basic,299,6.0,3.0,656.09,2.0,4.0,Yes,1
CUST1533,2023-02-10,,Male,Kolkata,33759.01,Standard,599,23.0,8.0,2168.68,0.0,5.0,No,0
CUST1545,2024-11-01,33.0,F,MUMBAI,39904.94,Standard,599,2.0,7.0,3315.94,1.0,3.0,Yes,1
CUST1212,20/06/2021,35.0,Male,Kolkata,26585.5,Standard,599,43.0,11.0,1960.84,4.0,2.0,Yes,1
CUST1468,2023-01-11,47.0,Male,Hyderabad,50751.93,Basic,299,24.0,10.0,1786.56,1.0,4.0,Yes,0
CUST1198,2023-05-11,35.0,Female,Kochi,,Basic,299,20.0,7.0,1685.26,0.0,4.0,Yes,0
CUST1527,2022-02-15,36.0,Female,HYDERABAD,63194.94,Basic,299,35.0,16.0,550.93,1.0,3.0,Y,1
CUST1802,2019-03-03,39.0,Male,Delhi,86491.38,Standard,599,71.0,10.0,526.04,0.0,5.0,Y,0
CUST1241,2023-01-11,34.0,M,Chennai,"₹95,852.69",Standard,599,24.0,17.0,1810.8,0.0,5.0,Yes,0
CUST1342,2024-06-04,36.0,Female,Chennai,50492.99,Standard,599,7.0,9.0,1131.23,2.0,4.0,No,1
CUST1549,04/07/2024,42.0,Female,Mumbai,64125.99,Basic,299,6.0,10.0,1097.34,2.0,4.0,Yes,0
CUST1386,2023-04-11,40.0,Female,Delhi,"₹51,868.97",Standard,599,21.0,9.0,1259.27,0.0,4.0,Yes,0
CUST1869,2019-05-02,34.0,Female,Bengaluru,27453.91,Premium,999,69.0,16.0,1501.59,1.0,5.0,No,0
CUST1206,2024-07-04,26.0,Male,Mumbai,51024.59,Basic,299,6.0,7.0,552.88,2.0,3.0,No,1
CUST1295,2022-02-15,37.0,Female,Chennai,39581.97,Basic,299,35.0,11.0,427.19,1.0,,Yes,0
CUST1779,2024-02-05,21.0,F,Mumbai,31874.81,Standard,599,11.0,5.0,,3.0,5.0,Y,0
CUST1073,2019-05-02,40.0,,Bengaluru,,Basic,299,69.0,7.0,999.06,1.0,5.0,Yes,0
CUST1754,2021-10-18,55.0,Male,Bengaluru,91549.12,basic,299,39.0,12.0,462.94,0.0,,Yes,0
CUST1104,2022-04-16,25.0,F,Pune,60803.05,Standard,599,33.0,18.0,773.03,0.0,5.0,No,0
CUST1968,"Mar 27, 2020",45.0,Female,HYDERABAD,81547.64,Basic,299,58.0,24.0,301.97,2.0,4.0,No,0
CUST1718,2023-07-10,31.0,Female,Mumbai,69296.2,Standard,599,18.0,6.0,880.35,1.0,5.0,Yes,0
CUST1975,2024-05-05,24.0,Male,Delhi,46115.47,Basic,299,8.0,10.0,80000.0,2.0,2.0,Yes,0
CUST1016,2022-05-16,39.0,Male, Mumbai ,84770.04,Premium,999,32.0,7.0,3385.06,4.0,4.0,No,1
CUST1439,2024-10-02,40.0,F,Bengaluru,,Standard,599,3.0,6.0,971.04,1.0,3.0,Yes,0
CUST1091,2023-09-08,34.0,Female,Delhi,47735.58,Standard,599,16.0,11.0,1158.92,1.0,4.0,No,0
CUST1088,2020-06-25,40.0,Male,Delhi,65590.83,Premium,999,55.0,8.0,1051.66,2.0,4.0,Yes,0
CUST1450,01/12/2024,34.0,Male,Bengaluru,48500.73,Standard,599,1.0,12.0,699.5,2.0,3.0,No,0
CUST1102,2019-07-01,31.0,M,Hyderabad,47063.18,Standard,599,67.0,10.0,1434.16,3.0,4.0,Yes,0
CUST1238,2022-08-14,23.0,F,Pune,,Basic,299,29.0,9.0,2108.71,2.0,4.0,Yes,0
CUST1318,2023-09-08,46.0,M,Chennai,31761.64,Basic,299,16.0,10.0,574.18,1.0,4.0,Yes,0
CUST1246,2020-05-26,23.0,M,Delhi,28697.71,Premium,999,56.0,13.0,3541.79,0.0,5.0,Yes,1
CUST1722,2019-12-28,18.0,Other,Kolkata,38170.53,Premium,999,61.0,10.0,,1.0,3.0,No,1
CUST1157,2021-02-20,46.0,F,Hyderabad,77735.69,Basic,299,47.0,12.0,725.03,1.0,3.0,Yes,0
CUST1479,2020-11-22,64.0,Female,Delhi,"₹75,723.20",Basic,299,50.0,10.0,419.81,3.0,,No,0
CUST1645,"Feb 15, 2022",33.0,,Hyderabad,65049.43,Standard,599,35.0,8.0,1824.26,2.0,2.0,Yes,0
CUST1973,2019-11-28,42.0,Male,Mumbai,61230.69,premium,999,62.0,17.0,1680.91,2.0,3.0,No,0
CUST1831,2020-11-22,52.0,Female,,50146.56,Premium,999,50.0,12.0,1638.69,1.0,5.0,Yes,0
CUST1018,2022-09-13,45.0,M,Pune,50417.71,Premium,999,28.0,12.0,2664.98,1.0,3.0,Yes,1
CUST1714,2023-07-10,33.0,Male,Mumbai,33713.68,Premium,999,18.0,13.0,1354.55,5.0,3.0,No,1
CUST1121,2024-09-02,37.0,Male,Mumbai,41751.05,Premium,999,4.0,9.0,879.63,2.0,3.0,No,0
CUST1845,2019-08-30,39.0,Female,Mumbai,118328.93,basic,299,65.0,15.0,838.87,0.0,5.0,No,1
CUST1713,2020-11-22,35.0,Male,Bengaluru,32470.35,Premium,999,50.0,8.0,1284.46,1.0,4.0,Yes,0
CUST1274,2023-12-07,52.0,F,Pune,80171.86,Standard,599,13.0,9.0,1289.25,2.0,5.0,Yes,0
CUST1433,2021-09-18,18.0,Female,Chennai,30891.14,Premium,999,40.0,13.0,2582.58,1.0,4.0,Yes,1
CUST1907,2023-10-08,21.0,Male,Hyderabad,57562.56,Premium,999,15.0,10.0,1529.81,1.0,3.0,Yes,0
CUST1311,2023-11-07,40.0,Male,Pune,54367.36,Standard,599,14.0,13.0,1254.39,1.0,4.0,No,0
CUST1767,"Aug 03, 2024",29.0,Male,Mumbai,,Basic,299,5.0,7.0,1057.22,1.0,4.0,Yes,0
CUST1912,2019-03-03,,F,HYDERABAD,87129.77,Standard,599,71.0,8.0,2303.98,2.0,3.0,N,0
CUST1546,2022-03-17,37.0,Male,Hyderabad,31233.85,Premium,999,34.0,12.0,1709.61,1.0,,Yes,0
CUST1181,2023-11-07,37.0,M,Mumbai,50822.42,Standard,599,14.0,10.0,1169.51,1.0,3.0,No,0
CUST1184,2023-07-10,40.0,M,Delhi,102146.22,Standard,599,18.0,14.0,1181.82,1.0,3.0,No,0
CUST1406,2023-07-10,34.0,Male,Mumbai,64278.22,basic,299,18.0,9.0,1509.89,3.0,3.0,No,1
CUST1606,2020-03-27,43.0,Male,Hyderabad,54593.6,Standard,599,58.0,14.0,1513.83,3.0,,No,0
CUST1692,06/03/2024,45.0,Female,Mumbai,25237.15,Standard,599,10.0,6.0,1486.0,1.0,3.0,Y,0
CUST1520,"Dec 01, 2024",24.0,Female,Kolkata,107925.38,Basic,299,1.0,6.0,1478.73,0.0,4.0,Yes,0
CUST1380,2020-05-26,36.0,F,Bombay,38483.97,Standard,599,56.0,19.0,,0.0,4.0,Yes,0
CUST1410,2021-02-20,19.0,Female,Chennai,101360.11,Basic,299,47.0,10.0,647.35,3.0,,Yes,0
CUST1634,"Sep 29, 2019",32.0,F,Bengaluru,24525.91,Basic,299,64.0,9.0,460.88,0.0,3.0,No,0
CUST1369,2023-01-11,44.0,Male,Hyderabad,55802.81,Standard,599,24.0,9.0,1389.86,1.0,4.0,Yes,0
CUST1871,2022-05-16,24.0,,Kochi,,Standard,599,32.0,13.0,1834.23,4.0,3.0,Yes,1
CUST1842,2023-04-11,54.0,M,Bengaluru,74776.03,Standard,599,21.0,12.0,824.93,0.0,3.0,Yes,0
CUST1898,"Oct 18, 2021",40.0,Female,PUNE,33397.41,Basic,299,39.0,10.0,980.84,1.0,5.0,Yes,0
CUST1078,04/06/2024,42.0,Female,Chennai,52133.83,Basic,299,7.0,8.0,186.28,3.0,4.0,No,0
CUST1573,"Jun 15, 2022",25.0,Male,Kolkata,37846.22,Basic,299,31.0,11.0,780.56,0.0,3.0,Yes,0
CUST1637,2023-01-11,23.0,Female,Bengaluru,138837.69,Premium,999,24.0,9.0,1469.34,1.0,4.0,Yes,0
CUST1607,2023-04-11,,Male,CHENNAI,62505.67,Standard,599,21.0,8.0,2548.9,1.0,4.0,Yes,1
CUST1954,05/04/2024,,Male, Chennai ,57259.06,Standard,599,9.0,8.0,1345.01,1.0,3.0,No,0
CUST1242,2024-09-02,18.0,Male,Delhi,33668.69,basic,299,4.0,7.0,904.55,0.0,4.0,No,0
CUST1840,22/03/2021,56.0,Female,Delhi,109933.23,Standard,599,46.0,8.0,,0.0,3.0,No,0
CUST1934,"Sep 13, 2022",38.0,,Delhi,72747.77,Basic,299,28.0,11.0,,0.0,5.0,No,0
CUST1416,26/05/2020,47.0,Female,Hyderabad,75376.22,Standard,599,56.0,4.0,3106.27,1.0,5.0,Yes,0
CUST1751,2021-02-20,32.0,Male,Kolkata,99220.45,Basic,299,47.0,12.0,417.22,0.0,,No,0
CUST1561,03/08/2024,39.0,Male,Mumbai,60068.88,Standard,599,5.0,7.0,474.11,4.0,2.0,No,0
CUST1067,2020-09-23,30.0,Female,Hyderabad,37751.59,Standard,599,52.0,17.0,1215.45,0.0,4.0,No,0
CUST1536,28/11/2019,29.0,Female,Chennai,34563.38,Premium,999,62.0,13.0,2659.74,0.0,,No,0
CUST1077,23/09/2020,37.0,Female,Delhi,110832.93,Basic,299,52.0,14.0,909.78,2.0,3.0,Yes,0
CUST1105,16/04/2022,33.0,Male,PUNE,69432.92,Basic,299,33.0,13.0,490.2,1.0,4.0,Yes,0
CUST1496,2024-05-05,18.0,Male,Kolkata,47177.44,Premium,999,500.0,10.0,1884.76,0.0,4.0,Yes,0
CUST1789,2020-02-26,33.0,Female,Kochi,"₹33,346.59",Standard,599,59.0,8.0,1136.79,1.0,4.0,Yes,0
CUST1638,08/10/2023,41.0,M,BENGALURU,57927.38,Basic,299,15.0,10.0,436.73,0.0,,Yes,1
CUST1559,2023-04-11,25.0,Female,Delhi,68881.04,Standard,599,21.0,9.0,1091.17,2.0,3.0,Yes,1
CUST1769,2019-12-28,53.0,Female,Mumbai,264419.05,Premium,999,61.0,10.0,502.52,2.0,5.0,Yes,0
CUST1690,2024-10-02,38.0,Male,HYDERABAD,46561.13,Basic,299,3.0,10.0,308.71,2.0,3.0,Yes,0
CUST1878,2022-10-13,34.0,Female,Kolkata,31475.49,Premium,999,27.0,11.0,1176.84,0.0,4.0,No,1
CUST1986,2022-10-13,20.0,Male,Hyderabad,31619.42,Standard,599,27.0,8.0,,1.0,4.0,Yes,0
CUST1880,2020-12-22,37.0,M,Mumbai,"₹86,937.08",premium,999,49.0,14.0,2012.8,0.0,4.0,Yes,0
CUST1735,2021-11-17,37.0,Female,Mumbai,39570.42,Standard,599,38.0,17.0,694.57,0.0,3.0,Yes,0
CUST1935,"Dec 01, 2024",41.0,Male,Bengaluru,"₹27,069.74",Basic,299,1.0,3.0,384.78,1.0,4.0,No,1
CUST1490,22/03/2021,47.0,Male, Mumbai ,80283.75,Basic,299,46.0,9.0,1036.0,2.0,4.0,No,1
CUST1446,2023-05-11,47.0,Male,Delhi,67604.63,Basic,299,20.0,12.0,1763.37,1.0,,Yes,0
CUST1853,2020-04-26,35.0,Female,Mumbai,60890.05,Standard,599,57.0,18.0,1493.4,2.0,,No,0
CUST1605,2019-10-29,41.0,F,Kolkata,73434.69,Basic,299,63.0,12.0,1169.86,2.0,3.0,Yes,1
CUST1363,2022-11-12,23.0,Female,Mumbai,,Basic,299,26.0,8.0,1958.56,0.0,,Yes,0
CUST1069,2022-05-16,33.0,Male,Chennai,46446.5,Basic,299,32.0,14.0,777.6,3.0,4.0,No,0
CUST1548,"Feb 10, 2023",43.0,Male,Delhi,85374.95,Basic,299,23.0,6.0,878.01,1.0,,Yes,0
CUST1160,17/03/2022,24.0,Male,Hyderabad,,Standard,599,34.0,10.0,2864.37,3.0,4.0,No,0
CUST1011,2022-10-13,44.0,M,Bengaluru,71640.98,Standard,599,27.0,7.0,1326.88,2.0,5.0,Yes,0
CUST1144,2020-10-23,26.0,Male,Cochin,39383.94,Basic,299,51.0,13.0,1130.66,0.0,3.0,Yes,0
CUST1517,2022-02-15,,Male,Kolkata,,Basic,299,35.0,18.0,1086.4,3.0,3.0,No,1
CUST1427,2019-10-29,54.0,Male,Mumbai,48989.25,Basic,299,63.0,17.0,866.71,1.0,4.0,Yes,0
CUST1639,16/01/2022,41.0,, Chennai ,,Basic,299,36.0,9.0,,1.0,,Yes,0
CUST1176,2020-04-26,52.0,Female,Bengaluru,80115.02,Premium,999,57.0,12.0,629.14,0.0,,Yes,0
CUST1440,2023-05-11,33.0,Female,Bombay,33230.42,Basic,299,20.0,16.0,844.65,1.0,,Y,0
CUST1521,2019-05-02,25.0,Female,Mumbai,,Standard,599,69.0,13.0,1991.86,0.0,5.0,No,0
CUST1881,2022-06-15,45.0,Female,Delhi,74932.15,Basic,299,31.0,5.0,1667.39,2.0,4.0,No,1
CUST1953,2020-10-23,22.0,Other,Mumbai,38924.62,Standard,599,51.0,8.0,1481.86,2.0,4.0,Y,0
CUST1688,12/03/2023,30.0,Female,Bengaluru,247810.43,Standard,599,22.0,7.0,1769.19,4.0,3.0,Y,1
CUST1231,2024-12-01,29.0,Male,Hyderabad,32422.26,Standard,599,1.0,8.0,2294.31,0.0,4.0,Yes,0
CUST1210,2024-11-01,45.0,Male,Delhi,66580.99,Basic,299,2.0,8.0,1167.63,2.0,3.0,No,1
CUST1640,2023-03-12,19.0,Female,,28395.05,Standard,599,22.0,4.0,702.62,3.0,4.0,Yes,0
CUST1143,2023-01-11,,Male,Delhi,45588.15,Basic,299,24.0,5.0,788.67,4.0,3.0,No,1
CUST1753,2024-03-06,58.0,F,PUNE,62732.61,Basic,299,10.0,3.0,1028.01,1.0,5.0,No,0
CUST1519,2022-02-15,53.0,M, Delhi ,67433.47,Basic,299,35.0,10.0,1294.85,1.0,4.0,Yes,0
CUST1104,2022-04-16,25.0,F,Pune,60803.05,Standard,599,33.0,18.0,773.03,0.0,5.0,No,0
CUST1298,2024-11-01,18.0,Other,Mumbai,36148.72,Standard,599,2.0,8.0,857.69,2.0,,No,0
CUST1766,2020-10-23,36.0,F,Bengaluru,45832.28,Basic,299,51.0,8.0,786.34,0.0,5.0,Yes,0
CUST1428,2023-03-12,20.0,M,Chennai,,Standard,599,22.0,5.0,1158.38,1.0,3.0,Yes,1
CUST1612,2020-08-24,19.0,Female,HYDERABAD,58342.17,Standard,599,53.0,6.0,1543.29,0.0,5.0,Yes,0
CUST1939,23/10/2020,45.0,Male,Chennai,35617.76,Basic,299,51.0,8.0,1070.0,0.0,4.0,Yes,0
CUST1948,16/04/2022,39.0,M,Chennai,45107.48,Basic,299,33.0,6.0,1365.93,0.0,5.0,Yes,0
CUST1008,19/08/2021,35.0,Female,Pune,,Standard,599,41.0,14.0,1140.62,1.0,4.0,Yes,0
CUST1156,2021-06-20,36.0,Male,Chennai,53590.93,Standard,599,43.0,13.0,521.78,2.0,3.0,Yes,1
CUST1539,"Sep 23, 2020",,Male,Chennai,44396.22,Standard,599,52.0,17.0,,1.0,0.0,Yes,0
CUST1506,2024-10-02,62.0,Male,Bengaluru,44025.34,Premium,999,3.0,10.0,1489.8,4.0,4.0,Yes,1
CUST1436,2019-06-01,29.0,Male,PUNE,37516.71,Standard,599,68.0,21.0,311.94,3.0,4.0,No,0
CUST1266,2021-10-18,37.0,F,,62294.58,basic,299,39.0,12.0,,1.0,5.0,Yes,0
CUST1461,2023-08-09,26.0,Female,CHENNAI,18611.0,Basic,299,17.0,9.0,1461.08,1.0,4.0,No,0
CUST1576,2024-02-05,50.0,Female,Hyderabad,65100.52,Premium,999,11.0,6.0,1686.76,2.0,3.0,Yes,1
CUST1338,2021-11-17,48.0,F,Delhi,"₹118,189.13",basic,299,38.0,11.0,905.97,3.0,3.0,Yes,0
CUST1255,2024-02-05,44.0,Male,Kochi,"₹53,871.19",Premium,999,11.0,9.0,,1.0,5.0,Yes,0
CUST1813,07/11/2023,999.0,M,Hyderabad,36296.5,Premium,999,14.0,10.0,2030.95,2.0,3.0,No,0
CUST1860,"Jun 04, 2024",24.0,Male,Mumbai,56078.9,Basic,299,7.0,7.0,353.17,1.0,3.0,Yes,1
CUST1665,2021-03-22,18.0,Female,Kolkata,34955.98,basic,299,46.0,12.0,713.61,2.0,4.0,Yes,0
CUST1560,2022-02-15,34.0,Female,Pune,116842.77,Basic,299,35.0,12.0,606.35,1.0,3.0,No,0
CUST1208,02/10/2024,25.0,M,Delhi,"₹60,603.35",Standard,599,3.0,10.0,302.68,0.0,5.0,Yes,0
CUST1287,2024-12-01,36.0,Male,Bengaluru,26696.1,Basic,299,1.0,15.0,508.2,2.0,5.0,Yes,0
CUST1001,2020-10-23,24.0,Male,Kochi,,Standard,599,51.0,14.0,771.49,0.0,4.0,Y,0
CUST1341,2022-07-15,38.0,F,Pune,28426.82,Standard,599,30.0,6.0,449.01,3.0,3.0,Yes,1
CUST1269,2021-06-20,35.0,Female,Bengaluru,82520.25,Basic,299,43.0,11.0,1175.35,1.0,,No,0
CUST1265,2023-11-07,46.0,Male,Cochin,71371.46,Standard,599,14.0,9.0,,2.0,3.0,Yes,1
CUST1997,2024-01-06,36.0,Male,Delhi,38590.26,Premium,999,12.0,8.0,,4.0,3.0,Yes,1
CUST1830,2024-10-02,39.0,F,MUMBAI,45144.88,Standard,599,3.0,6.0,302.63,0.0,5.0,No,0
CUST1095,2021-02-20,19.0,Other,Delhi,34365.74,Basic,299,47.0,15.0,883.03,3.0,3.0,No,0
CUST1981,2022-06-15,18.0,Male,Kochi,113356.23,Basic,299,31.0,7.0,1781.95,1.0,,No,0
CUST1042,2022-04-16,28.0,Female,Delhi,50685.78,standard,599,33.0,9.0,1468.59,0.0,5.0,Yes,0
CUST1812,2020-06-25,38.0,Female,Mumbai,"₹44,572.91",Basic,299,55.0,18.0,959.73,2.0,2.0,No,1
CUST1971,2021-12-17,34.0,Female,Chennai,34254.09,Premium,999,37.0,11.0,1919.91,1.0,,No,0
CUST1843,2019-07-01,34.0,F,Chennai,,Basic,299,67.0,1200.0,,0.0,5.0,No,0
CUST1628,2023-01-11,24.0,Male,Delhi,73947.93,Basic,299,24.0,9.0,1480.68,0.0,5.0,Yes,0
CUST1045,2024-02-05,37.0,Male,BENGALURU,,Standard,599,11.0,13.0,683.34,2.0,3.0,No,0
CUST1161,21/04/2021,27.0,Male, Mumbai ,22280.44,Basic,299,45.0,11.0,479.03,1.0,4.0,Yes,0
CUST1727,2020-11-22,43.0,Male,Mumbai,98124.09,Basic,299,50.0,18.0,500.53,1.0,3.0,Yes,0
CUST1629,2022-09-13,18.0,Female,Bengaluru,,Standard,599,28.0,15.0,1249.25,3.0,4.0,Yes,0
CUST1288,2024-10-02,32.0,F,Mumbai,37754.96,Basic,299,3.0,10.0,1466.95,1.0,3.0,No,1
CUST1589,2023-09-08,53.0,M,Chennai,59827.4,Standard,599,16.0,11.0,1059.05,1.0,,No,0
CUST1810,2023-02-10,33.0,F,Chennai,78989.95,Premium,999,23.0,10.0,996.35,1.0,3.0,No,0
CUST1965,2023-12-07,20.0,Female, Hyderabad ,,Standard,599,13.0,12.0,998.54,2.0,2.0,Yes,1
CUST1575,2020-10-23,19.0,Male,Pune,44854.82,Standard,599,51.0,16.0,907.7,1.0,3.0,Yes,0
CUST1315,2021-09-18,32.0,Female,Mumbai,80595.08,Standard,599,40.0,9.0,734.56,2.0,4.0,Yes,0
CUST1901,2020-07-25,36.0,Male,Delhi,34351.15,Basic,299,54.0,12.0,1043.35,3.0,,Yes,0
CUST1230,2023-01-11,19.0,F,Mumbai,39556.06,Basic,299,24.0,11.0,1510.06,0.0,4.0,No,0
CUST1809,20/06/2021,37.0,,Delhi,44497.58,Standard,599,43.0,15.0,1151.87,1.0,4.0,No,0
CUST1698,2021-12-17,25.0,Male,Delhi,97298.64,Standard,599,37.0,11.0,431.55,1.0,4.0,No,0
CUST1836,2024-10-02,31.0,Male,Bengaluru,"₹63,525.88",Basic,299,3.0,8.0,582.64,1.0,5.0,Yes,0
CUST1711,2024-03-06,43.0,Female,Delhi,"₹51,557.58",Standard,599,10.0,11.0,3050.45,1.0,4.0,No,0
CUST1076,"Oct 18, 2021",30.0,Male,Chennai,49792.75,Standard,599,39.0,14.0,1293.52,1.0,5.0,Yes,0
CUST1633,2024-04-05,18.0,M,Chennai,33239.44,Standard,599,9.0,6.0,405.59,1.0,5.0,Yes,0
CUST1987,2020-01-27,39.0,Male,,64616.91,Basic,299,60.0,9.0,557.27,0.0,,No,0
CUST1247,2019-07-31,55.0,Male,Delhi,60021.0,Standard,599,66.0,9.0,1098.48,0.0,3.0,No,0
CUST1819,2019-10-29,22.0,Female,Hyderabad,59095.81,Standard,599,63.0,16.0,913.72,1.0,3.0,Yes,0
CUST1989,2022-02-15,30.0,M, Delhi ,51502.01,Standard,599,35.0,9.0,628.81,2.0,4.0,Yes,0
CUST1476,2020-12-22,47.0,M,BENGALURU,"₹41,646.30",Standard,599,49.0,11.0,1617.36,3.0,4.0,Yes,0
CUST1670,2024-12-01,44.0,Other,Bengaluru,67426.24,Basic,299,1.0,5.0,795.82,3.0,3.0,No,0
CUST1085,21/05/2021,40.0,Female,Delhi,"₹82,551.81",Basic,299,44.0,12.0,637.14,2.0,3.0,Yes,1
CUST1469,2024-03-06,24.0,Female,Delhi,,Basic,299,10.0,9.0,1007.66,2.0,3.0,Yes,0
CUST1225,23/10/2020,38.0,Male, Kolkata ,40565.8,Standard,599,51.0,14.0,1312.14,1.0,3.0,No,0
CUST1774,2023-05-11,35.0,Male,Mumbai,130295.8,Basic,299,20.0,9.0,2919.45,2.0,2.0,Yes,1
CUST1331,2020-06-25,42.0,Male, Delhi ,128901.79,Premium,999,55.0,13.0,1593.42,4.0,1.0,Yes,1
CUST1233,2021-06-20,48.0,Female,,34111.55,Basic,299,43.0,8.0,912.24,0.0,4.0,No,0
CUST1588,2021-07-20,38.0,Male,Pune,51625.8,Premium,999,42.0,17.0,1708.2,1.0,4.0,Yes,0
CUST1475,2021-03-22,31.0,Male,,27655.26,Standard,599,46.0,16.0,1418.13,3.0,4.0,No,1
CUST1902,08/09/2023,33.0,Female,Mumbai,38130.24,Standard,599,16.0,12.0,2423.64,5.0,1.0,No,1
CUST1882,"Mar 27, 2020",23.0,Female,PUNE,33923.91,basic,299,58.0,11.0,542.35,0.0,3.0,Yes,0
CUST1599,2022-10-13,18.0,Other, Chennai ,,Standard,599,27.0,13.0,1186.62,2.0,,No,0
CUST1421,2021-09-18,26.0,Male,,28644.17,Premium,999,40.0,8.0,1068.93,0.0,,No,0
CUST1687,2022-04-16,51.0,Female, BENGALURU ,56139.85,Standard,599,33.0,10.0,751.09,2.0,3.0,Y,0
CUST1182,2023-05-11,30.0,Female,,29297.65,Basic,299,20.0,10.0,997.3,3.0,3.0,Yes,1
CUST1617,2024-05-05,38.0,M, Hyderabad ,,basic,299,8.0,5.0,913.13,0.0,,Yes,0
CUST1332,2023-03-12,27.0,Male,Bengaluru,29677.56,Basic,299,22.0,7.0,434.79,0.0,5.0,No,0
CUST1438,2021-01-21,28.0,Female,Chennai,27340.56,Basic,299,48.0,14.0,925.31,2.0,,No,0
CUST1049,2023-05-11,36.0,Other,Kolkata,72603.91,Basic,299,20.0,11.0,604.44,1.0,3.0,Yes,0
CUST1889,2021-08-19,18.0,Male,Mumbai,,Basic,299,41.0,16.0,1050.32,1.0,5.0,Yes,0
CUST1005,2024-12-01,21.0,,Delhi,44334.8,Premium,999,1.0,13.0,1141.17,2.0,5.0,Yes,0
CUST1529,2024-11-01,52.0,Female,Chennai,"₹51,352.55",Basic,299,2.0,10.0,1636.21,2.0,3.0,No,0
CUST1234,2023-03-12,27.0,F,Pune,62165.67,basic,299,22.0,10.0,797.47,1.0,4.0,No,0
CUST1486,2024-02-05,26.0,F,Chennai,"₹99,143.98",Basic,299,11.0,10.0,,2.0,5.0,Yes,1
CUST1916,2021-11-17,51.0,Male,Hyderabad,83501.29,Standard,599,38.0,7.0,1332.27,1.0,,Yes,0
CUST1497,2024-06-04,31.0,Female,Kolkata,38018.34,basic,299,7.0,7.0,937.55,2.0,4.0,No,0
CUST1910,2023-04-11,27.0,Female,Bengaluru,39215.39,Standard,599,21.0,11.0,1324.8,3.0,4.0,No,1
CUST1106,2020-08-24,,Female,Bengaluru,34862.0,Standard,599,53.0,8.0,1884.68,1.0,3.0,No,0
CUST1443,2024-05-05,50.0,Female,,32197.85,Standard,599,8.0,10.0,1846.59,1.0,3.0,Yes,0
CUST1488,2019-06-01,26.0,Female,Kolkata,,Basic,299,68.0,20.0,887.74,4.0,,No,0
CUST1646,2021-08-19,42.0,Female,Pune,51367.59,Basic,299,41.0,11.0,641.24,2.0,3.0,No,0
CUST1012,2023-08-09,36.0,Female,Chennai,138053.57,Basic,299,17.0,7.0,1107.86,3.0,2.0,Yes,1
CUST1738,2024-09-02,18.0,F,Mumbai,69535.01,Premium,999,4.0,8.0,1674.81,0.0,5.0,Yes,0
CUST1726,2024-07-04,38.0,Male,Pune,38802.81,Basic,299,6.0,9.0,643.95,1.0,3.0,Yes,0
CUST1190,2024-04-05,,Female,Delhi,"₹45,612.12",Premium,999,9.0,4.0,2317.89,3.0,2.0,Yes,1
CUST1959,2019-07-31,39.0,Male,Chennai,77824.03,basic,299,66.0,13.0,695.12,0.0,5.0,Yes,0
CUST1832,2020-03-27,23.0,Male,Chennai,106740.96,Standard,599,58.0,15.0,1606.69,1.0,5.0,Yes,0
CUST1282,2024-03-06,45.0,Male,Hyderabad,47275.44,Premium,999,10.0,12.0,2239.07,0.0,4.0,No,0
CUST1029,2023-07-10,40.0,Male,BENGALURU,86805.75,Premium,999,18.0,11.0,1292.31,3.0,3.0,No,0
CUST1169,2023-05-11,35.0,M,Delhi,36404.9,basic,299,20.0,10.0,698.08,2.0,3.0,Yes,0
CUST1180,2020-12-22,49.0,F,Mumbai,55936.21,Basic,299,49.0,11.0,407.5,1.0,,Yes,0
CUST1100,2021-10-18,31.0,Male,,24492.6,Standard,599,39.0,14.0,,2.0,5.0,Yes,0
CUST1197,02/09/2024,31.0,Male,Mumbai,100334.08,Standard,599,4.0,10.0,381.02,0.0,5.0,No,0
CUST1495,2023-05-11,45.0,Male,Kolkata,56363.92,Basic,299,20.0,8.0,1135.4,3.0,3.0,Yes,1
CUST1721,2019-07-31,47.0,Male,Pune,36136.29,Standard,599,66.0,15.0,1261.06,1.0,3.0,No,0
CUST1647,2020-12-22,18.0,Female,Mumbai,61940.97,Basic,299,49.0,10.0,453.92,1.0,3.0,Yes,0
CUST1992,2019-04-02,,M,Pune,37804.44,Basic,299,70.0,8.0,564.07,1.0,5.0,Yes,0
CUST1946,2021-05-21,39.0,Male,DELHI,31456.12,Premium,999,44.0,15.0,907.37,1.0,3.0,Yes,0
CUST1710,29/10/2019,35.0,Female,Hyderabad,29570.66,Premium,999,63.0,10.0,2593.09,2.0,2.0,Yes,0
CUST1373,2020-03-27,44.0,F,Delhi,84345.51,Standard,599,58.0,10.0,812.83,2.0,3.0,Yes,0
CUST1678,"Nov 12, 2022",39.0,F,Mumbai,39394.56,Basic,299,26.0,6.0,971.3,2.0,3.0,No,1
CUST1897,2021-09-18,26.0,Female,Chennai,46550.37,Standard,599,40.0,13.0,2005.15,2.0,4.0,No,1
CUST1648,07/12/2023,37.0,Male,Chennai,59288.31,Basic,299,13.0,14.0,819.36,0.0,4.0,No,1
CUST1797,2023-07-10,47.0,Male,Bengaluru,"₹51,869.76",Premium,999,18.0,3.0,375.74,3.0,4.0,Yes,0
CUST1847,2024-11-01,44.0,Male,Chennai,47039.95,Standard,599,2.0,9.0,639.23,2.0,,No,0
CUST1460,03/08/2024,38.0,F,Chennai,,standard,599,5.0,13.0,395.99,2.0,5.0,No,1
CUST1413,2021-09-18,43.0,F,Chennai,68856.27,Basic,299,40.0,11.0,963.53,1.0,,Y,0
CUST1131,2019-06-01,20.0,Female,Pune,56032.69,Standard,599,68.0,13.0,799.87,2.0,4.0,Yes,0
CUST1039,2021-05-21,42.0,Female,Bengaluru,"₹49,946.31",Basic,299,44.0,9.0,359.65,1.0,3.0,No,0
CUST1434,2022-07-15,45.0,Male,Delhi,47974.08,Standard,599,30.0,11.0,1520.65,3.0,2.0,Yes,1
CUST1215,03/03/2019,46.0,Male,Chennai,26643.37,Basic,299,71.0,18.0,500.1,3.0,3.0,Yes,0
CUST1555,2021-10-18,32.0,Male,Hyderabad,36413.27,Premium,999,39.0,10.0,954.02,3.0,3.0,Yes,0
CUST1566,04/06/2024,33.0,M,Kolkata,53578.91,Standard,599,7.0,5.0,1161.74,1.0,4.0,No,1
CUST1762,15/06/2022,43.0,Male,Bengaluru,106179.28,Basic,299,31.0,14.0,966.46,2.0,4.0,No,0
CUST1474,2023-12-07,42.0,Female, Kolkata ,"₹29,906.09",Basic,299,13.0,10.0,859.94,1.0,4.0,Yes,0
CUST1456,2024-11-01,,F,Bangalore,"₹29,835.79",Basic,299,2.0,11.0,966.68,2.0,,Yes,1
CUST1811,10/06/2023,,Male,Delhi,38451.81,Basic,299,19.0,8.0,862.65,4.0,2.0,Yes,0
CUST1260,2024-08-03,32.0,Male,Mumbai,55054.05,Standard,599,5.0,6.0,800.49,2.0,4.0,Yes,0
CUST1816,2019-10-29,31.0,Female,Bengaluru,48538.88,Standard,599,63.0,15.0,552.91,0.0,5.0,No,0
CUST1035,20/02/2021,47.0,,Pune,,Basic,299,47.0,17.0,803.58,2.0,3.0,No,0
CUST1827,"Jan 11, 2023",34.0,Other,Delhi,101428.86,Standard,599,24.0,8.0,834.31,1.0,4.0,Y,0
CUST1309,2023-04-11,54.0,Other,Hyderabad,,Basic,299,21.0,10.0,865.37,1.0,3.0,Yes,0
CUST1276,2021-09-18,27.0,F,MUMBAI,57316.56,Basic,299,40.0,12.0,813.52,3.0,2.0,No,1
CUST1636,"Nov 01, 2024",33.0,F,Bengaluru,75069.27,Premium,999,2.0,14.0,921.31,6.0,2.0,Yes,1
CUST1654,2023-05-11,41.0,,CHENNAI,100070.74,Premium,999,20.0,10.0,943.71,0.0,4.0,Yes,0
CUST1622,2020-02-26,38.0,Female,Chennai,38128.7,Standard,599,59.0,16.0,625.25,0.0,4.0,Yes,0
CUST1835,2024-12-01,25.0,M,Kolkata,47682.98,Standard,599,1.0,5.0,,1.0,3.0,No,0
CUST1844,2023-10-08,36.0,Female,Bombay,40532.95,Basic,299,15.0,9.0,992.63,2.0,5.0,Yes,1
CUST1393,2024-05-05,40.0,Female,Kolkata,53663.93,Standard,599,8.0,9.0,,1.0,3.0,Yes,1
CUST1955,2019-03-03,50.0,Male,Hyderabad,58124.7,Basic,299,71.0,14.0,593.96,3.0,4.0,No,0
CUST1107,"Oct 18, 2021",31.0,Female,Hyderabad,72834.71,basic,299,39.0,10.0,218.13,0.0,4.0,Y,0
CUST1962,2019-07-31,24.0,,Delhi,33987.74,Basic,299,66.0,12.0,1190.04,2.0,3.0,Yes,0
CUST1524,2019-06-01,,F,Mumbai,53161.16,Basic,299,68.0,14.0,1645.83,2.0,3.0,Yes,0
CUST1784,2019-11-28,35.0,F,Pune,59978.93,Premium,999,62.0,13.0,1973.68,1.0,4.0,Yes,0
CUST1047,08/09/2023,37.0,Female,Kolkata,49200.43,Basic,299,16.0,12.0,291.79,1.0,4.0,No,0
CUST1203,27/01/2020,42.0,Male,Bengaluru,51063.63,Standard,599,60.0,13.0,712.53,1.0,5.0,Yes,0
CUST1942,2020-08-24,40.0,F,Kolkata,62656.57,Basic,299,53.0,9.0,1211.81,2.0,4.0,Yes,0
CUST1631,2024-10-02,63.0,Female,Pune,102020.96,Standard,599,3.0,11.0,,2.0,3.0,No,1
CUST1021,2019-04-02,28.0,Female,Kochi,28655.96,Basic,299,70.0,19.0,997.28,1.0,,Yes,0
CUST1402,16/05/2022,44.0,Female,Kolkata,24730.66,Basic,299,32.0,10.0,337.11,1.0,4.0,No,0
CUST1083,2023-01-11,31.0,Male,Mumbai,80407.01,Basic,299,24.0,11.0,995.16,3.0,2.0,Y,1
CUST1130,2019-07-01,31.0,Female,Delhi,51288.51,Premium,999,67.0,15.0,738.17,3.0,3.0,Yes,1
CUST1415,2019-07-31,37.0,Female,Kolkata,63260.39,Premium,999,66.0,16.0,591.79,2.0,,Yes,0
CUST1452,2024-01-06,56.0,M,Hyderabad,185696.95,Basic,299,12.0,10.0,384.33,2.0,3.0,Yes,0
CUST1841,2020-05-26,35.0,Male,Delhi,56030.39,Basic,299,56.0,11.0,943.02,3.0,4.0,Yes,0
CUST1741,2020-03-27,48.0,F, Kolkata ,,Basic,299,58.0,14.0,1626.57,3.0,,No,0
CUST1697,2021-09-18,,Female,Chennai,42010.53,Premium,999,40.0,12.0,2355.2,1.0,5.0,Yes,0
CUST1286,2020-11-22,38.0,Male, Mumbai ,44643.61,Basic,299,50.0,14.0,1081.02,1.0,3.0,Yes,0
CUST1123,2024-07-04,50.0,Male,Bengaluru,69435.18,Basic,299,6.0,5.0,436.43,2.0,5.0,No,1
CUST1033,04/06/2024,26.0,Male,DELHI,70822.6,Standard,599,7.0,6.0,737.7,0.0,3.0,Yes,0
CUST1994,2024-11-01,34.0,F,Bengaluru,54285.28,basic,299,2.0,7.0,837.95,0.0,5.0,Yes,0
CUST1516,2021-10-18,42.0,Male,Bengaluru,35595.91,Premium,999,39.0,11.0,932.15,3.0,3.0,No,1
CUST1923,2020-10-23,29.0,F,Delhi,26317.39,Basic,299,51.0,22.0,552.95,1.0,5.0,Yes,0
CUST1019,2020-07-25,,Male,Delhi,88106.02,Basic,299,54.0,15.0,530.98,3.0,3.0,Yes,1
CUST1943,2022-01-16,48.0,Female,Kolkata,,Standard,599,36.0,10.0,1456.88,1.0,4.0,Yes,1
CUST1219,2020-02-26,27.0,Male,KOCHI,,Basic,299,59.0,10.0,1262.46,1.0,,No,0
CUST1891,2022-05-16,29.0,Male,,40418.01,Basic,299,32.0,12.0,891.28,3.0,4.0,Yes,1
CUST1702,2019-05-02,24.0,Male,Chennai,,Standard,599,69.0,15.0,2012.16,0.0,3.0,No,0
CUST1481,2020-02-26,51.0,M,Mumbai,71665.99,Standard,599,59.0,21.0,305.83,1.0,3.0,No,0
CUST1931,2022-07-15,40.0,F,Delhi,77482.95,Standard,599,30.0,12.0,477.56,0.0,3.0,No,0
CUST1356,02/04/2019,38.0,F,HYDERABAD,66258.69,Basic,299,70.0,17.0,492.62,2.0,3.0,No,1
CUST1661,11/01/2023,35.0,Male,Hyderabad,37651.06,Basic,299,24.0,12.0,750.68,0.0,5.0,No,0
CUST1224,03/08/2024,36.0,Other,Bengaluru,71791.62,Premium,999,5.0,12.0,4188.61,0.0,4.0,No,1
CUST1759,2023-03-12,40.0,Female,Pune,71828.32,Premium,999,22.0,10.0,904.68,1.0,5.0,No,0
CUST1092,2023-09-08,30.0,Female,Delhi,39105.62,Premium,999,16.0,3.0,2451.72,1.0,4.0,Yes,1
CUST1151,2023-03-12,24.0,M,Hyderabad,"₹51,813.17",Basic,299,22.0,14.0,425.5,1.0,,Yes,0
CUST1818,2024-05-05,38.0,Female,Delhi,33947.98,Basic,299,8.0,7.0,570.68,1.0,4.0,Yes,0
CUST1317,2020-11-22,27.0,,Delhi,,Standard,599,50.0,11.0,966.43,2.0,3.0,Y,0
CUST1448,2023-11-07,47.0,Male,Delhi,78833.85,Standard,599,14.0,4.0,1379.41,2.0,3.0,Yes,1
CUST1803,2023-01-11,39.0,F,Bengaluru,25450.16,Basic,299,24.0,14.0,777.16,3.0,4.0,Yes,0
CUST1745,2023-07-10,45.0,M,,23066.86,Basic,299,18.0,5.0,991.0,3.0,3.0,Yes,1
CUST1522,2022-10-13,50.0,Female,Delhi,68087.94,basic,299,27.0,14.0,674.82,0.0,4.0,No,0
CUST1279,2020-12-22,,Male,Bengaluru,198825.95,Basic,299,49.0,10.0,646.05,3.0,,Yes,1
CUST1583,2022-08-14,23.0,Other,Hyderabad,,Standard,599,29.0,12.0,539.02,0.0,5.0,No,0
CUST1764,2024-08-03,39.0,Female,Hyderabad,68951.05,Premium,999,5.0,10.0,1085.72,3.0,3.0,Yes,1
CUST1604,2021-09-18,28.0,Female,Delhi,71201.31,Basic,299,40.0,11.0,1018.59,1.0,3.0,No,0
CUST1507,2024-06-04,40.0,Male,Delhi,100919.29,Standard,599,7.0,12.0,2290.84,1.0,3.0,Yes,0
CUST1349,04/06/2024,51.0,Female,Mumbai,,Basic,299,7.0,9.0,93.3,2.0,4.0,No,0
CUST1927,2022-09-13,40.0,Female,MUMBAI,134313.63,Premium,999,28.0,8.0,2023.44,1.0,5.0,No,0
CUST1374,2024-10-02,41.0,Female,Pune,62515.84,Standard,599,3.0,7.0,350.2,5.0,1.0,Yes,1
CUST1400,2024-11-01,33.0,Other,Cochin,45698.04,Basic,299,2.0,7.0,1154.25,1.0,4.0,Yes,1
CUST1704,01/07/2019,47.0,Female,Chennai,106846.59,Basic,299,67.0,13.0,913.75,2.0,5.0,No,1
CUST1257,2020-10-23,31.0,Female,Chennai,65164.75,Basic,299,51.0,7.0,686.67,3.0,2.0,Yes,1
CUST1944,15/06/2022,38.0,Male,,44838.27,Basic,299,31.0,10.0,742.71,0.0,5.0,Yes,0
CUST1851,2022-04-16,30.0,Male,Mumbai,52612.52,Premium,999,33.0,7.0,632.52,0.0,4.0,Yes,0
CUST1072,2021-11-17,25.0,Male,Kochi,102405.94,Basic,299,38.0,13.0,1329.92,3.0,4.0,Yes,0
CUST1195,2024-06-04,25.0,Male,Delhi,"₹93,558.09",Standard,599,7.0,4.0,652.34,0.0,5.0,Yes,0
CUST1483,2022-02-15,41.0,Male, Chennai ,96673.94,Basic,299,35.0,7.0,563.13,2.0,3.0,Yes,0
CUST1855,2024-12-01,35.0,Male,Mumbai,63026.57,Basic,299,1.0,6.0,414.27,0.0,5.0,No,0
CUST1137,2020-06-25,44.0,Male,Chennai,56159.62,Standard,599,55.0,17.0,1717.65,2.0,3.0,No,0
CUST1494,2024-10-02,32.0,Male,Kolkata,21879.17,Standard,599,3.0,11.0,953.72,4.0,2.0,Yes,0
CUST1772,16/01/2022,38.0,Male,Hyderabad,66720.11,Standard,599,36.0,10.0,1833.7,2.0,3.0,No,0
CUST1550,"Apr 05, 2024",39.0,Female,Bengaluru,152328.03,Standard,599,9.0,6.0,2445.3,2.0,,No,1
CUST1462,2022-01-16,18.0,F,Delhi,"₹43,039.13",Premium,999,36.0,15.0,544.86,4.0,2.0,No,1
CUST1201,2020-06-25,,Male,Mumbai,78888.53,Premium,999,55.0,19.0,2597.97,1.0,4.0,Yes,0
CUST1312,2021-05-21,54.0,Male,Hyderabad,103326.5,Basic,299,44.0,7.0,376.86,1.0,3.0,Yes,0
CUST1290,2021-04-21,32.0,Female,Kochi,70552.29,Basic,299,45.0,14.0,,3.0,2.0,No,1
CUST1960,29/09/2019,53.0,Female,Bengaluru,,Basic,299,64.0,17.0,921.99,1.0,4.0,No,0
CUST1189,"Jun 01, 2019",53.0,Male,Pune,58260.82,Standard,599,68.0,11.0,504.99,3.0,4.0,Yes,0
CUST1763,21/04/2021,42.0,Female,Kolkata,97723.25,Standard,599,45.0,16.0,458.79,2.0,4.0,Yes,0
CUST1112,07/12/2023,28.0,Female,Kochi,109828.68,Basic,299,13.0,7.0,1143.65,3.0,3.0,Yes,1
CUST1949,2023-05-11,18.0,F,Bombay,35284.2,Basic,299,20.0,13.0,1255.3,0.0,5.0,Yes,1
CUST1183,18/10/2021,47.0,F,Kochi,51966.03,Basic,299,39.0,16.0,1051.68,2.0,3.0,Yes,0
CUST1152,2020-12-22,18.0,Other,Chennai,,Standard,599,49.0,9.0,648.24,0.0,5.0,No,0
CUST1824,2020-11-22,18.0,Male,Bengaluru,43128.51,Standard,599,50.0,13.0,1183.62,3.0,3.0,No,1
CUST1325,2024-06-04,43.0,Female,Hyderabad,"₹55,267.18",Basic,299,7.0,9.0,1912.01,1.0,5.0,No,0
CUST1703,2021-10-18,34.0,Female,Kolkata,,Standard,599,39.0,9.0,1235.08,1.0,,No,0
CUST1044,2023-10-08,36.0,Male,Mumbai,88639.83,Premium,999,15.0,8.0,2859.78,0.0,4.0,Yes,0
CUST1444,2020-03-27,,Male,KOCHI,,Standard,599,58.0,15.0,257.92,3.0,1.0,Yes,1
CUST1787,2019-07-31,33.0,Female,Mumbai,"₹54,208.21",Basic,299,66.0,12.0,1873.89,0.0,3.0,No,0
CUST1006,2023-03-12,,Female,Hyderabad,77198.84,Basic,299,22.0,10.0,1129.93,1.0,,No,0
CUST1250,2020-05-26,31.0,Female,Mumbai,37102.34,Basic,299,56.0,11.0,1110.86,0.0,4.0,No,0
CUST1823,2020-12-22,18.0,M,HYDERABAD,67812.15,Standard,599,49.0,24.0,1148.31,0.0,4.0,No,0
CUST1075,2020-03-27,43.0,M,Chennai,28532.53,Basic,299,58.0,15.0,1018.62,2.0,3.0,Yes,1
CUST1512,2021-04-21,36.0,F,Delhi,37978.56,Basic,299,45.0,18.0,633.72,1.0,4.0,Yes,0
CUST1940,"Oct 02, 2024",37.0,M,Hyderabad,36236.45,Basic,299,3.0,8.0,731.23,4.0,3.0,Yes,0
CUST1391,2022-05-16,36.0,Male,Mumbai,"₹56,689.49",Standard,599,32.0,11.0,876.93,2.0,4.0,No,0
CUST1895,2020-01-27,47.0,Female,Chennai,,Basic,299,60.0,8.0,,1.0,3.0,Yes,1
CUST1432,"Dec 17, 2021",34.0,Male,Chennai,55192.12,Basic,299,37.0,7.0,2076.64,1.0,3.0,Yes,0
CUST1068,2024-08-03,44.0,Female,PUNE,58478.84,Premium,999,5.0,8.0,1955.82,2.0,4.0,Yes,1
CUST1998,2021-04-21,36.0,Male,Delhi,48802.94,Basic,299,45.0,15.0,1286.23,2.0,3.0,No,0
CUST1167,2023-05-11,39.0,F,Pune,64475.5,Basic,299,20.0,12.0,636.69,1.0,2.0,No,1
CUST1904,2023-03-12,28.0,Male,Mumbai,"₹43,872.12",Basic,299,22.0,8.0,180.62,0.0,,Y,0
CUST1730,2019-12-28,40.0,M,Kochi,161604.84,Basic,299,61.0,17.0,1272.19,1.0,4.0,No,1
CUST1554,2021-11-17,34.0,Male,Bengaluru,66481.2,Standard,599,38.0,9.0,1809.67,4.0,2.0,No,1
CUST1366,26/02/2020,27.0,Male,Hyderabad,44804.02,Standard,599,59.0,21.0,513.84,2.0,3.0,No,0
CUST1345,03/08/2024,18.0,Male,Pune,70077.32,Premium,999,5.0,8.0,1820.92,1.0,4.0,No,0
CUST1584,2024-06-04,43.0,Male,Pune,56615.65,basic,299,7.0,12.0,726.89,3.0,3.0,Yes,1
CUST1535,2023-06-10,42.0,Male,Mumbai,97157.93,Basic,299,19.0,5.0,613.93,3.0,2.0,Yes,1
CUST1398,17/12/2021,41.0,Male,Delhi,"₹40,348.71",Premium,999,37.0,9.0,879.37,1.0,3.0,No,0
CUST1185,2024-03-06,52.0,M,Bengaluru,67114.85,Basic,299,10.0,11.0,1547.54,1.0,4.0,No,0
CUST1348,2019-04-02,18.0,Other,Mumbai,,Premium,999,70.0,14.0,998.73,1.0,3.0,No,0
CUST1615,2024-01-06,21.0,Male,Kochi,47085.49,Basic,299,12.0,8.0,721.87,3.0,3.0,No,1
CUST1919,2024-03-06,18.0,Female,Chennai,28807.11,standard,599,10.0,8.0,996.65,2.0,3.0,Yes,1
CUST1211,2023-03-12,,F,Delhi,,Standard,599,22.0,11.0,541.36,2.0,3.0,N,1
CUST1579,2021-06-20,39.0,Female,Delhi,72445.02,Basic,299,43.0,12.0,949.01,4.0,2.0,Yes,0
CUST1502,2024-10-02,27.0,Female,BENGALURU,20825.34,Basic,299,3.0,8.0,1422.73,1.0,5.0,Yes,1
CUST1537,2019-03-03,48.0,F,HYDERABAD,66880.56,Standard,599,71.0,14.0,881.97,2.0,5.0,Yes,0
CUST1196,2020-11-22,42.0,Female,Kolkata,58038.03,Premium,999,50.0,11.0,1358.55,1.0,2.0,Yes,0
CUST1175,2023-01-11,37.0,Female,Kochi,,Basic,299,24.0,13.0,588.94,1.0,4.0,No,0
