row_id,area_sqft,bedrooms,bathrooms,age_years,distance_to_center_km,floor_number,garage_spaces,crime_index,school_rating,local_median_income,annual_tax,listing_version,random_noise,price
66,1382.1,1.0,1.0,37.0,7.08,23.0,0.0,55.0,6.3,44626.0,1570.9,1.0,0.4839,157687.0
59,2449.1,4.0,3.0,20.0,16.55,7.0,2.0,48.8,,15573.0,3609.93,1.0,0.3828,259834.0
3,1344.9,2.0,1.0,34.0,2.05,10.0,2.0,57.1,8.8,48493.0,2156.94,1.0,-0.3752,186014.0
566,871.3,2.0,1.0,37.0,13.33,23.0,2.0,37.4,5.8,,1589.72,1.0,-0.3345,98975.0
190,0.0,2.0,1.0,23.0,7.7,24.0,2.0,46.9,,54235.0,2106.64,1.0,0.3193,191416.0
866,1659.3,3.0,2.0,20.0,17.53,20.0,1.0,52.1,5.7,30419.0,1626.54,1.0,0.526,
801,1889.2,4.0,3.0,47.0,6.05,10.0,1.0,37.6,7.9,28477.0,3290.91,1.0,-0.9078,235744.0
713,1383.1,3.0,3.0,53.0,7.14,19.0,1.0,,8.6,51316.0,2612.24,1.0,0.4337,172095.0
563,1850.1,3.0,,5.0,13.08,3.0,1.0,38.8,5.9,60157.0,2396.29,1.0,-0.8274,235300.0
707,,5.0,3.0,53.0,8.82,23.0,2.0,61.3,6.4,44930.0,3624.76,1.0,0.607,300709.0
648,1253.4,2.0,,43.0,9.47,22.0,1.0,,5.0,84960.0,2039.4,1.0,0.6115,156886.0
247,1469.2,3.0,2.0,58.0,13.22,21.0,1.0,43.4,5.9,52993.0,1910.83,1.0,0.4212,170696.0
785,1072.7,1.0,1.0,59.0,7.9,1.0,2.0,61.3,10.0,59034.0,2200.08,1.0,0.2377,141858.0
46,861.3,2.0,1.0,25.0,11.46,13.0,1.0,,6.6,,1575.16,1.0,-0.1258,115887.0
200,2515.5,5.0,3.0,12.0,25.51,4.0,2.0,48.3,3.9,65258.0,3103.45,1.0,-0.3577,307115.0
228,1175.8,1.0,1.0,13.0,2.73,23.0,1.0,63.0,8.5,41935.0,2084.91,1.0,-0.357,169952.0
844,1387.1,2.0,2.0,36.0,20.97,7.0,1.0,,2.8,51608.0,1514.39,1.0,-0.0473,120036.0
125,996.3,3.0,2.0,51.0,8.35,10.0,,46.2,,31223.0,1710.26,1.0,0.5305,122856.0
941,1706.5,3.0,3.0,34.0,2.62,19.0,2.0,18.5,7.4,143428.0,2367.2,1.0,-0.3536,271169.0
760,1444.7,2.0,1.0,15.0,13.72,19.0,1.0,46.6,7.1,48138.0,2671.5,1.0,0.7778,194908.0
932,1183.5,1.0,1.0,30.0,8.82,16.0,0.0,,,,1285.19,1.0,0.5015,131958.0
662,1186.3,2.0,2.0,53.0,13.12,13.0,1.0,53.2,,25731.0,1832.93,1.0,0.7682,141974.0
426,2154.4,5.0,3.0,54.0,10.74,4.0,3.0,46.2,6.5,29794.0,2645.33,1.0,0.9026,240980.0
99,,3.0,2.0,52.0,1.18,8.0,,36.5,7.5,33211.0,1880.96,1.0,0.1076,129241.0
463,786.6,1.0,1.0,17.0,14.21,19.0,1.0,40.5,5.0,42504.0,304.4,1.0,1.1962,58156.0
11,1757.1,3.0,1.0,36.0,17.65,24.0,2.0,66.6,7.4,26288.0,2091.03,1.0,0.5075,169622.0
776,1230.0,2.0,1.0,,5.55,17.0,0.0,42.7,7.7,47317.0,1926.92,1.0,1.9126,148829.0
804,1536.1,4.0,3.0,53.0,8.01,18.0,1.0,54.4,7.4,62542.0,1765.63,1.0,0.4006,193550.0
615,1929.2,3.0,3.0,,16.4,14.0,1.0,54.3,3.6,106746.0,2530.19,1.0,1.5026,191860.0
671,1051.8,1.0,1.0,,4.49,15.0,1.0,62.4,7.0,106755.0,2098.54,1.0,-0.7432,154989.0
363,1821.1,2.0,1.0,17.0,13.67,18.0,1.0,28.1,6.4,50621.0,2272.0,1.0,2.0677,201842.0
967,1915.6,3.0,3.0,33.0,8.27,12.0,2.0,52.5,7.6,54812.0,2358.82,1.0,-0.735,263984.0
338,1078.2,2.0,2.0,0.0,8.28,22.0,1.0,53.9,6.3,,1501.08,1.0,-0.728,177668.0
591,2096.8,3.0,2.0,14.0,5.12,10.0,1.0,46.3,6.8,44218.0,3745.48,1.0,0.0804,280712.0
181,1268.5,2.0,1.0,14.0,20.55,16.0,1.0,56.1,5.1,18306.0,1718.39,1.0,0.3085,137301.0
422,824.7,2.0,1.0,49.0,7.6,10.0,2.0,36.2,6.3,35926.0,1483.51,1.0,0.7803,95559.0
238,1434.7,2.0,1.0,30.0,23.27,23.0,0.0,44.4,3.8,66682.0,1372.82,1.0,-0.088,119965.0
571,858.2,1.0,1.0,13.0,25.66,14.0,1.0,41.8,,48320.0,611.59,1.0,0.2703,46924.0
833,1947.9,3.0,1.0,25.0,10.81,16.0,1.0,42.2,7.7,38886.0,2384.05,1.0,-0.2334,194445.0
551,1607.5,3.0,3.0,11.0,11.94,12.0,3.0,52.0,5.9,97891.0,3244.16,1.0,-0.4702,257798.0
614,1472.6,2.0,1.0,,5.26,1.0,2.0,60.3,4.4,34356.0,2445.54,1.0,0.6293,137840.0
996,1080.2,1.0,1.0,13.0,31.82,8.0,1.0,50.0,3.5,28038.0,1187.84,1.0,0.5126,62264.0
58,1869.7,3.0,2.0,45.0,13.35,7.0,2.0,45.5,7.8,29578.0,2871.8,1.0,-0.2573,225768.0
552,1556.4,3.0,2.0,19.0,14.43,19.0,1.0,44.3,5.1,72308.0,2479.6,1.0,0.921,210097.0
73,1258.8,3.0,2.0,21.0,4.13,14.0,3.0,4.9,8.8,55184.0,2356.14,1.0,0.5373,236428.0
347,1502.1,2.0,1.0,11.0,31.27,1.0,1.0,71.9,1.5,22535.0,2192.68,1.0,1.0395,108732.0
531,1362.3,3.0,2.0,33.0,18.16,19.0,2.0,45.4,5.5,68881.0,2353.72,1.0,-0.4719,187873.0
826,1148.7,1.0,,,5.64,11.0,1.0,43.2,6.3,71298.0,1329.2,1.0,1.3664,178060.0
975,1030.8,2.0,1.0,30.0,12.8,7.0,2.0,-999.0,4.9,102824.0,1517.03,1.0,0.2465,151626.0
596,2153.5,3.0,1.0,39.0,3.99,15.0,1.0,31.3,6.8,54982.0,3138.25,1.0,0.1329,244747.0
635,1055.4,2.0,1.0,,10.0,14.0,2.0,25.6,4.0,,2176.3,1.0,0.3536,168518.0
445,2500.9,3.0,2.0,13.0,11.7,14.0,3.0,43.0,4.6,23512.0,3166.23,1.0,2.2377,271193.0
687,2199.8,4.0,2.0,41.0,20.58,24.0,1.0,68.8,8.0,41166.0,2774.17,1.0,-0.1852,257860.0
451,1402.1,2.0,1.0,,19.87,11.0,2.0,64.2,4.8,65186.0,1739.97,1.0,-0.0778,144026.0
25,1563.8,1.0,1.0,59.0,5.48,19.0,1.0,42.7,7.4,48323.0,2129.71,1.0,-0.1886,171096.0
165,1376.1,1.0,1.0,27.0,14.54,8.0,0.0,35.6,6.2,75247.0,843.75,1.0,-0.2764,103991.0
449,1136.9,3.0,2.0,34.0,9.5,14.0,1.0,73.8,6.4,59115.0,1906.24,1.0,-1.2976,141875.0
963,747.0,2.0,2.0,58.0,4.56,7.0,0.0,-999.0,8.1,34629.0,747.86,1.0,1.2256,90245.0
301,2512.8,4.0,3.0,18.0,22.27,13.0,0.0,58.5,5.1,33979.0,3758.96,1.0,0.1043,287699.0
317,847.6,2.0,2.0,28.0,15.23,11.0,3.0,64.8,7.5,29085.0,1330.57,1.0,-0.9134,98413.0
411,2372.5,4.0,3.0,45.0,14.63,24.0,2.0,32.2,6.2,44048.0,4018.43,1.0,0.3728,297297.0
905,1918.1,3.0,3.0,17.0,26.1,11.0,0.0,72.8,2.3,40697.0,2210.76,1.0,-0.1241,159344.0
123,1420.1,3.0,3.0,7.0,5.26,4.0,,23.1,8.1,61960.0,2669.82,1.0,0.794,229338.0
519,1132.1,1.0,1.0,52.0,7.29,17.0,2.0,55.8,7.0,28362.0,1793.72,1.0,2.0871,146383.0
112,1775.7,2.0,2.0,21.0,12.33,13.0,2.0,34.0,6.3,,2164.33,1.0,2.315,208828.0
194,1409.2,3.0,3.0,19.0,15.17,17.0,2.0,52.8,,53196.0,3106.73,1.0,1.4555,163766.0
872,1538.2,2.0,1.0,1.0,9.01,22.0,2.0,47.8,,,1805.33,1.0,0.5159,203493.0
812,1397.4,3.0,1.0,59.0,14.2,15.0,1.0,67.3,8.9,51780.0,2294.5,1.0,-0.8417,158902.0
583,2586.1,5.0,5.0,33.0,17.67,14.0,1.0,34.7,4.2,,4051.73,1.0,1.1426,286630.0
281,1524.0,2.0,1.0,15.0,12.09,2.0,2.0,31.3,5.9,59720.0,2722.93,1.0,-0.4202,161283.0
467,1011.5,3.0,2.0,0.0,14.02,17.0,1.0,54.0,6.6,58646.0,1773.54,1.0,-1.2231,128205.0
296,1538.5,3.0,2.0,49.0,20.51,8.0,3.0,59.8,2.9,40298.0,1929.87,1.0,0.2919,142485.0
446,1126.7,1.0,1.0,20.0,31.05,24.0,3.0,28.3,2.4,,1135.06,1.0,0.213,101198.0
902,3325.9,6.0,4.0,12.0,12.01,21.0,3.0,23.9,5.8,58308.0,5036.74,1.0,-0.1309,435713.0
778,1830.2,4.0,3.0,37.0,6.04,17.0,0.0,34.8,6.2,45619.0,2748.26,1.0,0.614,218551.0
81,1274.3,1.0,1.0,42.0,14.41,3.0,2.0,50.7,3.8,41896.0,1659.76,1.0,-0.461,125460.0
568,2229.0,4.0,3.0,21.0,15.64,20.0,1.0,31.7,6.4,59302.0,3097.04,1.0,-0.5298,
587,1160.9,2.0,1.0,5.0,4.91,5.0,2.0,50.3,5.2,97751.0,2910.73,1.0,2.417,207385.0
771,1523.8,3.0,3.0,59.0,26.27,1.0,0.0,52.9,4.8,23435.0,1175.15,1.0,-0.5931,116632.0
742,1194.7,1.0,2.0,25.0,17.19,10.0,1.0,60.9,,76350.0,2385.71,1.0,1.0186,125787.0
756,1437.5,1.0,1.0,46.0,24.09,21.0,1.0,,3.5,59165.0,999.47,1.0,-1.0345,138700.0
133,1549.7,2.0,1.0,3.0,16.25,17.0,1.0,45.4,4.4,43260.0,3082.71,1.0,1.7251,208778.0
395,1954.7,5.0,4.0,54.0,6.92,9.0,2.0,,7.6,,3175.32,1.0,-0.19,248114.0
978,1084.6,2.0,1.0,5.0,7.91,22.0,1.0,42.7,7.2,37769.0,1404.91,1.0,-0.678,157857.0
924,1516.2,2.0,1.0,18.0,4.49,13.0,2.0,61.8,,25915.0,1809.93,1.0,1.0977,199967.0
595,,3.0,,37.0,7.13,7.0,2.0,36.1,6.9,40244.0,2041.32,1.0,-0.7365,229200.0
875,1967.5,4.0,3.0,53.0,2.7,1.0,2.0,57.3,6.9,,3477.31,1.0,0.7195,231453.0
326,1582.9,4.0,3.0,37.0,26.86,5.0,0.0,74.4,2.9,,1222.39,1.0,-1.8895,126004.0
862,3534.1,6.0,5.0,59.0,13.66,19.0,3.0,46.9,5.4,81338.0,5283.34,1.0,0.6157,434584.0
107,1590.6,3.0,2.0,16.0,13.36,12.0,0.0,35.3,,25575.0,2682.39,1.0,1.0061,198233.0
499,2130.5,3.0,2.0,22.0,7.0,15.0,2.0,,5.0,42084.0,2938.16,1.0,-1.1703,243881.0
201,956.9,1.0,1.0,37.0,5.52,20.0,0.0,41.1,7.4,,778.77,1.0,-1.2736,115802.0
324,1326.4,1.0,1.0,25.0,13.41,7.0,3.0,67.0,6.6,36593.0,2054.09,1.0,1.4497,164228.0
331,1352.4,4.0,3.0,13.0,9.16,18.0,2.0,7.4,6.8,48997.0,2261.83,1.0,-0.7413,208975.0
882,2766.9,5.0,3.0,58.0,8.3,19.0,2.0,68.4,7.1,,3273.25,1.0,-0.837,245169.0
63,1547.7,2.0,2.0,,6.59,12.0,2.0,47.0,5.4,49731.0,1837.02,1.0,0.2234,199386.0
859,2055.7,4.0,3.0,26.0,11.65,16.0,2.0,67.5,6.1,,2956.42,1.0,0.4933,260568.0
41,1538.7,3.0,3.0,16.0,9.83,24.0,0.0,59.6,5.8,52162.0,3148.51,1.0,-0.1684,211942.0
140,1052.3,1.0,2.0,,12.25,17.0,3.0,58.9,,43643.0,1285.23,1.0,-0.0352,94464.0
413,2368.9,3.0,2.0,17.0,11.68,8.0,2.0,34.5,6.0,31641.0,3593.12,1.0,1.4848,265875.0
803,1677.2,2.0,1.0,52.0,8.11,15.0,1.0,,7.2,113994.0,2762.29,1.0,0.8,198845.0
693,846.9,1.0,1.0,26.0,8.15,21.0,3.0,49.9,8.2,69754.0,2260.06,1.0,-0.1453,139734.0
56,1880.0,3.0,2.0,45.0,47.31,3.0,0.0,81.4,,44277.0,1058.38,1.0,-0.2279,102476.0
575,1689.2,2.0,2.0,35.0,3.92,1.0,2.0,46.0,6.9,43658.0,2991.95,1.0,-0.1225,257732.0
305,,3.0,2.0,,3.5,11.0,1.0,34.5,7.4,53617.0,2841.65,1.0,-0.3664,179264.0
149,2075.7,4.0,3.0,16.0,10.3,13.0,1.0,58.5,6.6,,2663.22,1.0,-0.1771,252052.0
117,1621.2,3.0,3.0,2.0,34.08,3.0,1.0,54.0,15.0,58549.0,1842.68,1.0,0.0707,166004.0
17,924.8,2.0,2.0,55.0,5.52,20.0,1.0,36.0,7.9,16352.0,1372.59,1.0,-2.131,127020.0
658,1071.7,2.0,2.0,27.0,4.26,3.0,0.0,12.5,6.9,26904.0,2066.0,1.0,-0.8037,125007.0
92,1870.4,3.0,3.0,26.0,8.93,2.0,0.0,29.8,8.9,35405.0,2885.99,1.0,-0.1647,236622.0
954,2017.8,3.0,2.0,1.0,18.5,6.0,1.0,,5.9,52275.0,2993.07,1.0,-1.5629,218395.0
129,803.4,1.0,1.0,51.0,4.94,15.0,0.0,,7.3,,2110.99,1.0,-0.4649,141118.0
741,1225.5,1.0,1.0,21.0,9.42,18.0,0.0,58.0,4.1,,1626.18,1.0,0.3191,140329.0
479,2839.6,4.0,3.0,37.0,22.86,5.0,1.0,52.2,5.3,,3603.9,1.0,-1.0031,317187.0
121,1527.3,2.0,2.0,28.0,5.08,14.0,1.0,33.1,6.6,,2672.95,1.0,-2.2223,217648.0
272,931.1,4.0,2.0,48.0,11.96,16.0,,26.5,8.8,99087.0,1714.28,1.0,-0.85,155956.0
847,1957.6,4.0,3.0,38.0,5.78,17.0,2.0,43.9,7.7,98935.0,4311.03,1.0,0.0557,294842.0
343,2931.6,4.0,3.0,21.0,7.8,9.0,0.0,47.9,4.8,52814.0,3715.69,1.0,-0.118,320848.0
40,,2.0,,26.0,11.96,21.0,1.0,51.4,6.5,,2072.12,1.0,-0.4775,182775.0
782,1335.9,3.0,3.0,23.0,17.96,9.0,0.0,57.9,5.1,83340.0,2269.15,1.0,-0.0546,160475.0
104,3247.6,6.0,5.0,35.0,23.07,10.0,1.0,65.0,6.4,40445.0,3786.33,1.0,-0.045,352090.0
19,761.0,1.0,1.0,34.0,29.16,21.0,1.0,56.1,4.5,33992.0,755.16,1.0,0.3085,73243.0
874,1653.8,3.0,2.0,51.0,14.82,16.0,0.0,54.8,,56363.0,1734.16,1.0,-0.3003,157719.0
982,855.3,2.0,1.0,,4.72,24.0,2.0,51.3,5.0,15590.0,773.33,1.0,-1.3348,111269.0
608,1093.9,2.0,1.0,10.0,13.39,18.0,3.0,38.4,5.8,56007.0,2962.72,1.0,1.4625,180756.0
252,1229.6,2.0,1.0,56.0,12.69,10.0,1.0,24.9,6.3,,2280.46,1.0,-0.1468,
490,1922.6,4.0,3.0,19.0,10.57,6.0,1.0,52.0,5.3,,3095.34,1.0,-0.0713,254294.0
282,1015.5,1.0,1.0,41.0,12.81,1.0,2.0,32.8,6.9,48288.0,2425.81,1.0,1.2485,122665.0
784,1788.0,3.0,,42.0,23.65,4.0,3.0,46.1,2.9,38610.0,2418.97,1.0,-0.8004,170771.0
543,1400.6,2.0,2.0,28.0,20.81,17.0,1.0,57.0,4.9,51328.0,1932.44,1.0,-0.174,124088.0
370,1895.4,4.0,2.0,30.0,1.9,2.0,3.0,,7.5,50809.0,3106.59,1.0,-1.1299,266267.0
323,2523.9,4.0,2.0,8.0,5.95,16.0,2.0,37.0,5.5,87687.0,3822.51,1.0,1.3539,337970.0
353,1639.7,3.0,2.0,41.0,19.63,1.0,2.0,41.0,3.7,22854.0,2216.85,1.0,1.3194,162595.0
781,1925.0,4.0,3.0,23.0,9.29,18.0,2.0,58.1,6.2,42653.0,3418.2,1.0,-0.7015,227030.0
45,2381.7,4.0,2.0,,10.6,6.0,1.0,38.2,5.7,41983.0,3071.62,1.0,0.2011,299200.0
31,866.5,2.0,2.0,43.0,12.23,6.0,1.0,-999.0,7.7,37967.0,1589.25,1.0,-0.2663,65111.0
580,1300.1,2.0,2.0,57.0,3.95,17.0,3.0,32.1,7.8,80359.0,2859.63,1.0,0.0356,206361.0
907,1534.2,2.0,1.0,45.0,23.99,6.0,3.0,55.5,3.2,75580.0,2250.9,1.0,-0.6774,154013.0
212,1986.1,3.0,3.0,19.0,37.78,23.0,1.0,64.8,1.0,27985.0,1423.3,1.0,-0.6441,135504.0
61,1589.4,3.0,2.0,48.0,8.77,15.0,0.0,22.2,9.4,,2243.01,1.0,-1.2816,182586.0
806,1500.1,3.0,2.0,45.0,7.04,22.0,3.0,36.7,6.0,49768.0,2120.77,1.0,0.9003,203744.0
680,1594.6,3.0,2.0,10.0,15.63,10.0,1.0,49.4,5.8,108435.0,2873.57,1.0,2.5065,221893.0
454,1012.3,3.0,3.0,24.0,23.47,1.0,1.0,54.3,5.5,83069.0,1484.98,1.0,-0.6841,111846.0
78,1301.1,1.0,2.0,0.0,6.86,11.0,2.0,60.5,6.3,26396.0,2750.73,1.0,0.3116,203571.0
18,1261.2,2.0,2.0,8.0,3.51,10.0,2.0,32.4,7.7,82365.0,2193.01,1.0,2.1966,173972.0
483,1565.5,3.0,3.0,,5.37,14.0,2.0,58.6,7.9,49511.0,2905.44,1.0,1.388,244442.0
679,1408.8,2.0,1.0,59.0,10.53,8.0,2.0,-999.0,6.3,75707.0,2189.22,1.0,-0.2289,161156.0
55,,2.0,2.0,54.0,11.33,9.0,1.0,42.9,4.7,53564.0,2147.59,1.0,-0.0086,148204.0
737,1642.7,3.0,1.0,,24.21,21.0,2.0,39.3,3.9,55454.0,1634.08,1.0,-1.3478,169788.0
692,1891.6,3.0,3.0,56.0,19.86,15.0,1.0,61.4,5.2,9000000.0,3235.62,1.0,0.295,241720.0
69,931.5,2.0,1.0,45.0,8.09,24.0,2.0,55.1,7.0,36772.0,1279.38,1.0,-0.633,137218.0
746,2960.7,6.0,3.0,41.0,14.34,19.0,1.0,41.7,7.0,59530.0,4074.93,1.0,1.0468,356486.0
256,1065.0,1.0,,,19.25,21.0,1.0,34.3,6.2,34167.0,1819.57,1.0,0.6736,123453.0
821,1434.6,3.0,2.0,59.0,6.18,12.0,0.0,28.6,5.6,,1870.26,1.0,1.7617,187317.0
229,1043.5,2.0,1.0,24.0,11.05,18.0,1.0,30.8,8.8,66866.0,2355.42,1.0,0.2472,164100.0
312,2009.8,4.0,1.0,52.0,4.07,13.0,1.0,51.0,6.4,59329.0,2127.75,1.0,-0.9005,224778.0
863,1936.2,4.0,3.0,50.0,6.58,21.0,2.0,83.2,,121108.0,3526.01,1.0,-0.1708,269167.0
393,939.3,4.0,3.0,,27.41,8.0,1.0,55.1,3.8,,1225.13,1.0,-0.3804,86565.0
729,787.7,1.0,,29.0,18.55,23.0,1.0,58.7,5.8,54135.0,632.95,1.0,-0.608,59768.0
33,1051.0,2.0,,,11.78,3.0,1.0,37.2,,50200.0,1863.03,1.0,-1.5662,127375.0
609,672.3,2.0,2.0,8.0,8.36,5.0,1.0,74.8,8.6,43762.0,1845.88,1.0,-0.5744,126200.0
802,1423.7,2.0,2.0,28.0,8.37,6.0,0.0,,,69345.0,2548.17,1.0,0.7229,192897.0
48,,2.0,1.0,58.0,11.71,22.0,1.0,29.4,5.2,36061.0,2264.5,1.0,0.4825,171447.0
250,,1.0,2.0,11.0,14.92,1.0,1.0,36.5,6.7,72678.0,520.87,1.0,2.5796,82695.0
573,1405.9,2.0,2.0,54.0,14.26,16.0,,43.3,4.6,24278.0,1273.05,1.0,0.4532,121103.0
935,1430.9,2.0,,15.0,14.75,9.0,1.0,36.9,6.7,42453.0,2769.93,1.0,1.3109,190882.0
700,3041.5,5.0,4.0,38.0,6.27,15.0,2.0,,5.5,41125.0,4923.47,1.0,-1.6291,370200.0
364,1509.5,2.0,2.0,52.0,8.49,13.0,2.0,14.4,5.0,,2045.59,1.0,-0.0401,172138.0
565,1591.4,3.0,3.0,8.0,9.31,8.0,,31.9,6.8,,2577.19,1.0,0.305,224876.0
640,872.8,2.0,2.0,59.0,20.29,10.0,,67.6,4.5,96911.0,1178.03,1.0,-0.071,117259.0
518,1411.0,2.0,2.0,29.0,9.61,13.0,0.0,20.2,5.0,61178.0,2364.44,1.0,-1.096,182612.0
981,1075.5,3.0,1.0,,15.87,8.0,1.0,39.1,8.0,40619.0,2570.34,1.0,-1.9025,130019.0
972,2120.8,3.0,,29.0,1.69,14.0,1.0,43.3,7.1,58552.0,2929.44,1.0,-0.4501,270741.0
438,2016.3,2.0,2.0,28.0,400.0,8.0,3.0,45.5,6.0,49012.0,2951.74,1.0,-0.328,245553.0
950,1214.5,3.0,1.0,7.0,3.46,9.0,3.0,,7.6,20501.0,2568.18,1.0,0.1809,174838.0
391,1292.0,2.0,1.0,,7.7,23.0,1.0,28.5,7.3,71261.0,1732.5,1.0,-1.4477,170663.0
310,1004.1,2.0,1.0,57.0,37.78,1.0,2.0,49.5,1.5,32593.0,-241.21,1.0,-0.7877,36734.0
144,1121.4,2.0,2.0,10.0,8.18,20.0,3.0,22.9,7.9,40544.0,1665.6,1.0,-1.4137,160725.0
285,2243.6,5.0,3.0,21.0,33.81,14.0,0.0,39.9,2.2,25979.0,2239.68,1.0,-1.4156,222404.0
819,813.9,2.0,1.0,2.0,11.33,7.0,1.0,30.2,6.0,41229.0,806.2,1.0,1.874,107314.0
270,1410.7,3.0,2.0,18.0,10.95,15.0,2.0,,6.3,29946.0,2717.61,1.0,0.5707,198581.0
151,1160.9,2.0,2.0,49.0,6.9,6.0,1.0,56.7,8.2,41757.0,1328.33,1.0,0.4384,129813.0
371,1404.6,2.0,,15.0,19.02,9.0,0.0,64.3,7.6,80371.0,2340.87,1.0,-0.5792,161679.0
455,1428.4,2.0,2.0,24.0,11.78,1.0,2.0,48.3,5.5,34631.0,1759.19,1.0,-0.6185,163388.0
462,1013.8,2.0,2.0,44.0,4.35,4.0,3.0,42.1,7.9,58545.0,2118.1,1.0,0.1702,136004.0
788,876.4,1.0,1.0,48.0,8.98,11.0,1.0,54.7,7.9,28614.0,872.36,1.0,-0.3634,84882.0
214,707.3,1.0,1.0,59.0,7.83,15.0,2.0,46.4,8.8,44909.0,1173.4,1.0,0.7314,64949.0
504,2404.4,5.0,4.0,11.0,11.59,6.0,2.0,37.5,6.7,70833.0,3207.24,1.0,0.6338,297727.0
705,,3.0,2.0,18.0,9.23,17.0,2.0,34.9,,52591.0,2608.93,1.0,0.1784,211554.0
419,2580.2,4.0,,46.0,10.02,24.0,,39.0,6.7,40899.0,3832.42,1.0,0.0436,310168.0
910,2141.7,3.0,2.0,54.0,12.61,1.0,1.0,45.4,3.9,51098.0,2227.71,1.0,0.8744,239783.0
767,1626.9,4.0,2.0,26.0,9.04,9.0,2.0,,8.2,34509.0,2389.36,1.0,-0.0343,214607.0
160,1170.4,2.0,1.0,5.0,25.8,24.0,2.0,70.8,6.0,,1847.75,1.0,0.574,138721.0
530,1062.3,2.0,1.0,50.0,1.11,22.0,2.0,26.8,9.1,55276.0,2476.84,1.0,0.4019,175353.0
260,1452.9,2.0,,58.0,19.05,4.0,2.0,49.0,6.0,28292.0,1172.7,1.0,1.1528,111210.0
652,1075.9,2.0,1.0,37.0,13.31,9.0,1.0,51.1,7.4,33894.0,1415.29,1.0,0.3099,149113.0
480,,2.0,1.0,,6.19,17.0,3.0,64.7,7.3,,1905.06,1.0,0.6295,167509.0
811,889.1,1.0,1.0,2.0,12.28,10.0,1.0,49.4,5.9,39537.0,1883.32,1.0,0.8203,120997.0
733,1522.1,3.0,1.0,14.0,6.96,16.0,1.0,45.4,5.5,32918.0,2427.22,1.0,-0.6032,194780.0
562,1351.8,3.0,,6.0,2.02,13.0,3.0,50.6,7.4,49970.0,2211.72,1.0,0.2227,226761.0
432,1227.0,3.0,1.0,29.0,14.36,19.0,1.0,30.6,6.9,68503.0,1650.18,1.0,0.578,188841.0
394,893.1,2.0,1.0,26.0,10.91,7.0,0.0,49.4,4.9,48878.0,1324.52,1.0,0.0088,102287.0
810,1708.6,4.0,2.0,3.0,14.49,21.0,1.0,55.0,6.9,57558.0,2696.1,1.0,0.5504,231915.0
28,1225.9,1.0,1.0,37.0,4.72,13.0,1.0,-999.0,7.9,,2349.11,1.0,1.0816,146718.0
82,1331.0,2.0,2.0,5.0,0.96,9.0,2.0,29.3,5.6,,1839.74,1.0,0.4596,178118.0
735,1668.8,3.0,,3.0,25.01,13.0,0.0,49.4,6.2,39402.0,2247.87,1.0,0.6948,197544.0
896,1360.5,3.0,1.0,,9.46,24.0,2.0,57.6,,33428.0,2068.28,1.0,-0.24,191939.0
280,1448.9,3.0,,39.0,9.7,13.0,2.0,41.3,4.7,50019.0,2037.92,1.0,0.227,187791.0
268,2170.8,4.0,4.0,24.0,14.57,1.0,,60.0,5.6,39688.0,2510.45,1.0,0.8068,259054.0
939,2246.7,3.0,2.0,18.0,10.76,20.0,1.0,45.9,6.3,21285.0,3524.94,1.0,-0.94,257444.0
443,,3.0,2.0,42.0,9.95,16.0,0.0,37.4,7.4,90096.0,3296.95,1.0,-0.3885,266777.0
536,1515.5,3.0,2.0,20.0,27.46,6.0,3.0,57.1,3.4,24822.0,1326.55,1.0,-0.2328,138824.0
636,1387.0,2.0,2.0,999.0,5.29,21.0,2.0,50.6,7.6,54383.0,2091.56,1.0,0.2232,183414.0
881,1562.3,3.0,2.0,42.0,6.61,6.0,2.0,48.8,8.6,116286.0,3096.52,1.0,0.4253,211231.0
852,1208.8,3.0,2.0,32.0,8.39,23.0,0.0,34.8,6.3,,472.17,1.0,0.7288,126754.0
98,1671.3,4.0,3.0,32.0,6.11,11.0,0.0,29.0,9.4,54631.0,2783.29,1.0,1.323,233363.0
211,1473.9,2.0,1.0,0.0,13.21,7.0,3.0,39.7,7.2,26696.0,2487.39,1.0,-1.4113,217526.0
858,1251.7,2.0,2.0,16.0,14.24,7.0,2.0,23.3,,,2339.5,1.0,0.1261,159031.0
913,1580.6,4.0,3.0,55.0,20.83,13.0,1.0,50.4,3.8,43122.0,1106.22,1.0,-0.7204,154070.0
906,,2.0,1.0,56.0,21.36,15.0,1.0,,5.0,76093.0,1977.84,1.0,1.9969,139863.0
335,956.8,1.0,2.0,1.0,20.24,9.0,1.0,57.3,4.7,66721.0,1312.44,1.0,-1.1006,117336.0
300,1508.7,2.0,1.0,26.0,7.59,22.0,1.0,24.2,7.9,28926.0,2328.71,1.0,0.6128,186630.0
142,1224.1,3.0,2.0,30.0,17.22,14.0,2.0,56.9,,33795.0,2096.76,1.0,-0.9589,153684.0
322,1811.6,3.0,2.0,33.0,6.09,1.0,1.0,49.5,5.5,,2824.82,1.0,-0.7296,229711.0
807,2281.7,4.0,2.0,7.0,3.97,10.0,1.0,52.6,,48639.0,3794.84,1.0,0.0192,314745.0
894,2012.2,4.0,2.0,58.0,7.88,21.0,2.0,27.7,8.5,,3114.18,1.0,0.2983,267934.0
618,1790.3,2.0,1.0,31.0,15.8,1.0,0.0,58.0,6.0,41522.0,2711.72,1.0,0.9088,209993.0
346,921.8,1.0,1.0,14.0,4.36,5.0,2.0,60.8,6.0,67380.0,1962.01,1.0,0.0809,147694.0
477,968.5,2.0,1.0,22.0,13.01,4.0,2.0,40.2,,34624.0,1116.51,1.0,0.2427,102116.0
534,1478.0,5.0,3.0,44.0,14.04,12.0,1.0,54.9,6.8,,2128.55,1.0,0.4357,189066.0
171,1137.6,2.0,2.0,27.0,4.42,2.0,,10.9,7.4,56205.0,1761.9,1.0,0.1152,176053.0
344,1381.8,1.0,1.0,10.0,10.16,13.0,1.0,25.0,7.5,46272.0,2107.84,1.0,-1.9009,180046.0
959,1964.4,4.0,3.0,42.0,26.65,19.0,1.0,74.0,2.8,44474.0,2261.49,1.0,-0.8372,183466.0
930,911.0,2.0,2.0,15.0,10.35,13.0,1.0,68.3,8.2,57351.0,1635.78,1.0,-0.7256,125254.0
855,2457.6,5.0,4.0,,13.09,4.0,3.0,44.3,5.2,69402.0,4153.95,1.0,-1.6201,334830.0
888,1648.4,3.0,2.0,44.0,17.23,19.0,2.0,67.0,4.8,34335.0,2850.56,1.0,0.1901,161235.0
472,,1.0,,,9.95,21.0,2.0,58.9,7.5,65223.0,887.51,1.0,1.6899,104292.0
765,1376.8,1.0,1.0,2.0,3.22,23.0,1.0,43.3,8.7,21117.0,2247.5,1.0,-0.4944,183006.0
976,2070.5,4.0,4.0,43.0,11.38,4.0,1.0,65.7,6.8,28873.0,2651.31,1.0,0.5095,243888.0
110,1377.4,2.0,1.0,,4.89,17.0,1.0,58.6,4.6,51682.0,2133.13,1.0,0.1223,161541.0
368,904.0,1.0,1.0,10.0,11.82,2.0,0.0,49.8,5.0,33641.0,324.74,1.0,-0.1102,81616.0
834,990.5,1.0,1.0,35.0,6.78,3.0,2.0,30.0,,48792.0,671.16,1.0,0.0499,109616.0
987,2136.1,5.0,,14.0,7.53,3.0,0.0,28.1,6.6,46949.0,3317.88,1.0,-0.1967,280915.0
450,1818.4,4.0,2.0,39.0,19.09,17.0,1.0,,5.0,,1440.4,1.0,1.3499,159473.0
926,1261.4,1.0,1.0,57.0,14.22,16.0,0.0,18.1,7.6,16158.0,1012.35,1.0,2.7626,106763.0
385,2184.7,4.0,3.0,21.0,4.58,15.0,3.0,47.1,7.0,34232.0,2915.89,1.0,0.4777,256429.0
131,1101.1,1.0,,22.0,10.71,6.0,,44.7,5.6,34087.0,1107.11,1.0,0.0521,98457.0
800,740.9,1.0,1.0,20.0,9.12,8.0,0.0,56.4,,66671.0,1052.51,1.0,-0.4957,114120.0
539,1335.4,3.0,2.0,26.0,10.6,8.0,1.0,75.0,5.7,18463.0,2421.71,1.0,0.2403,157031.0
682,1316.6,1.0,1.0,51.0,5.95,10.0,2.0,41.0,,,1252.77,1.0,1.0429,130352.0
200,2515.5,5.0,3.0,12.0,25.51,4.0,2.0,48.3,3.9,65258.0,3103.45,1.0,-0.3577,307115.0
672,1542.1,2.0,1.0,0.0,1.19,1.0,1.0,41.8,6.3,50570.0,2362.66,1.0,0.8793,201421.0
813,1351.9,2.0,1.0,9.0,15.53,3.0,1.0,40.0,,35494.0,2909.31,1.0,-0.6999,182220.0
604,1649.0,3.0,2.0,26.0,3.41,1.0,0.0,59.0,,112689.0,3452.08,1.0,1.1551,253952.0
26,1386.6,2.0,1.0,28.0,19.3,9.0,3.0,55.0,6.3,63064.0,2358.77,1.0,1.8478,177367.0
100,726.1,1.0,1.0,18.0,10.48,4.0,1.0,59.7,7.4,49130.0,1590.11,1.0,-0.5148,122916.0
352,1240.8,1.0,1.0,27.0,16.44,5.0,,28.4,4.7,88235.0,1487.42,1.0,-1.4741,177572.0
5,1262.5,2.0,2.0,5.0,11.07,7.0,1.0,36.3,7.3,23928.0,2025.32,1.0,0.0384,174497.0
792,2579.7,3.0,1.0,8.0,14.99,6.0,2.0,34.6,2.8,70977.0,3475.33,1.0,1.1551,302895.0
42,1513.7,2.0,1.0,54.0,3.91,6.0,3.0,40.0,9.7,49278.0,2357.06,1.0,-0.9211,
442,1051.5,1.0,1.0,54.0,12.69,9.0,1.0,,,,1663.86,1.0,-0.3205,128607.0
698,1423.7,3.0,,0.0,19.3,22.0,1.0,87.0,3.7,70631.0,2119.99,1.0,0.662,189023.0
4,1083.9,3.0,2.0,13.0,2.69,5.0,1.0,19.7,6.0,67562.0,1977.19,1.0,-0.177,150817.0
619,1879.5,2.0,1.0,12.0,18.0,5.0,,54.8,,51952.0,2655.13,1.0,-0.0533,216673.0
153,1216.7,2.0,2.0,24.0,6.52,20.0,2.0,22.9,6.6,,1894.51,1.0,-0.9076,156650.0
880,1617.7,2.0,,54.0,10.89,16.0,0.0,72.4,6.7,72054.0,1705.69,1.0,0.0739,168649.0
822,1151.2,1.0,2.0,33.0,5.82,5.0,0.0,31.5,5.8,36186.0,1785.06,1.0,1.1192,158843.0
147,,5.0,3.0,29.0,250.0,1.0,1.0,37.5,5.2,62690.0,2213.42,1.0,-2.1691,251232.0
762,1783.5,4.0,3.0,54.0,11.14,13.0,3.0,42.2,6.4,53336.0,2135.77,1.0,-0.6363,232871.0
91,1467.8,3.0,1.0,49.0,250.0,1.0,0.0,74.3,7.4,61411.0,1947.52,1.0,-0.9725,177844.0
559,1634.6,2.0,1.0,,7.12,21.0,1.0,60.6,6.5,,1583.69,1.0,-1.2081,195182.0
195,1789.4,4.0,2.0,29.0,9.86,1.0,2.0,44.9,7.8,80477.0,2710.01,1.0,-0.7533,220772.0
869,804.8,1.0,1.0,35.0,25.93,17.0,2.0,63.3,2.9,63335.0,510.0,1.0,-1.2819,48953.0
757,1012.7,2.0,1.0,12.0,3.24,3.0,2.0,19.6,5.9,42838.0,1578.86,1.0,0.8539,151750.0
709,1804.6,3.0,2.0,,6.36,3.0,1.0,64.4,9.4,41531.0,2328.87,1.0,0.5108,244943.0
727,2960.0,5.0,4.0,29.0,6.75,11.0,3.0,37.5,7.7,85121.0,4992.63,1.0,0.6409,407786.0
38,2017.3,3.0,3.0,29.0,5.35,3.0,0.0,20.4,6.7,36028.0,3111.43,1.0,-0.4329,219637.0
88,1267.4,1.0,2.0,41.0,5.88,18.0,1.0,57.2,7.9,54995.0,2762.39,1.0,0.9102,197866.0
656,1875.1,2.0,2.0,2.0,30.69,10.0,1.0,79.3,,66566.0,1757.37,1.0,-0.5377,182646.0
601,834.0,1.0,1.0,11.0,23.03,9.0,0.0,68.9,3.0,30499.0,261.79,1.0,-0.3281,30000.0
561,,2.0,1.0,11.0,7.92,21.0,1.0,39.3,5.9,,1360.23,1.0,-0.2133,153004.0
845,795.6,2.0,2.0,48.0,18.69,20.0,1.0,59.2,4.6,48365.0,-35.55,1.0,0.2279,59881.0
132,1944.3,4.0,4.0,30.0,33.74,6.0,3.0,79.9,,,2538.94,1.0,-0.2372,192590.0
673,1733.7,2.0,2.0,41.0,13.55,9.0,0.0,36.4,5.5,30411.0,1954.05,1.0,0.7953,155566.0
255,982.0,2.0,2.0,11.0,4.56,15.0,1.0,,7.0,85452.0,777.7,1.0,-0.8707,163253.0
882,2766.9,5.0,3.0,58.0,8.3,19.0,2.0,68.4,7.1,,3273.25,1.0,-0.837,245169.0
557,1739.2,4.0,,43.0,7.69,22.0,1.0,18.5,5.8,49770.0,2344.62,1.0,0.0244,221452.0
336,1004.8,3.0,2.0,33.0,13.94,8.0,2.0,25.8,5.2,147178.0,2330.73,1.0,-0.4054,169555.0
377,1597.1,2.0,2.0,56.0,7.8,21.0,,45.9,7.0,35495.0,2198.23,1.0,-0.1954,200631.0
197,1980.1,4.0,2.0,52.0,21.28,24.0,0.0,,3.6,66215.0,1735.51,1.0,0.9987,169239.0
569,2107.8,4.0,3.0,7.0,10.38,11.0,2.0,48.1,6.4,,3970.31,1.0,0.6502,311822.0
35,60000.0,5.0,4.0,45.0,16.06,2.0,1.0,75.5,4.3,40656.0,2290.31,1.0,-0.2914,239332.0
192,2063.9,4.0,2.0,44.0,13.82,18.0,2.0,72.7,,,3116.97,1.0,0.5471,234564.0
15,1465.2,2.0,,5.0,12.66,10.0,3.0,73.6,6.9,70267.0,2712.84,1.0,0.9788,218823.0
22,1363.4,1.0,1.0,47.0,13.55,20.0,1.0,49.6,6.3,40673.0,1658.17,1.0,-0.3246,118498.0
617,1417.2,1.0,1.0,0.0,2.04,6.0,0.0,43.6,7.8,53169.0,1193.3,1.0,0.3875,161030.0
768,1544.9,2.0,1.0,10.0,5.98,4.0,1.0,52.9,7.0,28651.0,2334.44,1.0,0.2493,193385.0
763,1896.6,4.0,3.0,30.0,13.73,14.0,2.0,24.8,4.2,86079.0,2950.05,1.0,1.0785,260233.0
611,2026.5,3.0,2.0,13.0,11.83,12.0,2.0,24.6,6.0,69411.0,3124.01,1.0,-1.0437,291693.0
754,,2.0,1.0,30.0,7.56,15.0,1.0,29.9,6.5,39669.0,2122.12,1.0,0.7449,184601.0
373,1299.9,3.0,3.0,43.0,16.45,21.0,1.0,69.4,5.9,,2191.66,1.0,-1.2125,125398.0
90,1860.5,3.0,2.0,42.0,18.47,4.0,2.0,88.1,5.1,23285.0,2308.84,1.0,-0.5911,162823.0
602,1813.9,3.0,2.0,52.0,7.67,23.0,2.0,48.5,7.9,44515.0,1312.76,1.0,0.0084,165998.0
799,1181.1,1.0,1.0,50.0,25.12,5.0,3.0,46.2,,48688.0,1339.0,1.0,0.6385,112918.0
977,1366.4,3.0,2.0,34.0,17.59,16.0,1.0,44.7,5.8,45837.0,2254.25,1.0,-0.751,172389.0
288,2527.9,5.0,4.0,,12.5,5.0,1.0,50.5,7.8,35069.0,3259.94,1.0,-0.5125,299868.0
7,1511.8,3.0,2.0,18.0,13.09,3.0,2.0,62.4,4.7,27822.0,1798.41,1.0,1.5229,159118.0
101,1330.7,2.0,2.0,19.0,16.43,17.0,3.0,47.5,6.7,55514.0,1625.61,1.0,0.7583,168531.0
325,1199.2,3.0,2.0,22.0,9.75,15.0,1.0,55.5,6.2,34382.0,1628.52,1.0,0.3452,149530.0
182,1239.2,1.0,1.0,14.0,11.02,7.0,1.0,46.4,5.0,43873.0,2297.8,1.0,0.1942,164563.0
284,1390.8,3.0,2.0,16.0,13.63,9.0,1.0,57.7,5.9,,2057.92,1.0,0.2298,177735.0
497,1779.9,3.0,1.0,29.0,16.04,6.0,1.0,60.6,,,1625.79,1.0,-0.2365,154419.0
646,1759.7,3.0,1.0,22.0,2.51,24.0,2.0,51.2,,,2408.69,1.0,-0.6501,216851.0
995,1523.8,3.0,2.0,33.0,10.0,15.0,3.0,67.1,4.6,58047.0,2643.24,1.0,0.0484,210792.0
500,1015.1,2.0,,5.0,14.44,17.0,2.0,42.5,6.6,96606.0,1828.25,1.0,-1.3736,177309.0
883,1070.1,1.0,1.0,30.0,5.67,4.0,1.0,35.5,7.0,32847.0,2003.93,1.0,0.2358,153078.0
12,1677.2,3.0,2.0,42.0,8.44,22.0,0.0,-999.0,6.2,,2002.88,1.0,-0.4844,202276.0
75,2298.4,3.0,1.0,53.0,9.07,11.0,1.0,46.7,6.0,34020.0,3325.37,1.0,1.1554,236780.0
193,2076.1,3.0,2.0,59.0,6.31,12.0,2.0,36.4,8.2,67188.0,2590.06,1.0,0.0175,239348.0
177,2362.4,5.0,4.0,31.0,12.06,17.0,1.0,62.4,6.1,24900.0,3509.54,1.0,1.3967,288631.0
750,2452.7,5.0,4.0,,17.65,15.0,1.0,45.0,6.6,38404.0,3636.04,1.0,-0.3183,304869.0
886,1920.6,2.0,2.0,24.0,7.81,10.0,,61.3,7.6,39893.0,3092.57,1.0,-1.2289,212115.0
610,1316.6,2.0,2.0,5.0,15.39,6.0,3.0,65.4,3.8,40215.0,2496.89,1.0,-0.1665,169584.0
71,1856.4,4.0,3.0,15.0,6.05,10.0,3.0,45.4,6.7,91377.0,2329.79,1.0,1.6266,269809.0
661,2039.7,4.0,2.0,43.0,20.12,13.0,1.0,,4.6,,2157.04,1.0,1.1916,176056.0
175,1004.4,1.0,1.0,42.0,14.71,9.0,3.0,,,21773.0,1405.45,1.0,0.522,91263.0
167,799.2,2.0,1.0,15.0,7.9,22.0,0.0,,8.5,35181.0,2086.17,1.0,-0.7532,128457.0
465,2179.8,4.0,2.0,22.0,13.9,23.0,2.0,73.4,7.2,44522.0,2645.85,1.0,0.3651,
549,1528.6,3.0,2.0,11.0,6.24,13.0,1.0,39.3,6.7,49665.0,2583.71,1.0,-0.6041,231913.0
918,1756.0,3.0,2.0,59.0,14.43,14.0,,34.8,6.0,32574.0,2084.76,1.0,-1.4858,182390.0
774,747.6,1.0,1.0,56.0,24.48,13.0,1.0,61.8,4.7,58363.0,152.3,1.0,1.1804,49261.0
637,1381.1,2.0,1.0,3.0,3.15,12.0,2.0,32.0,5.5,24544.0,2568.74,1.0,1.1263,189336.0
676,895.3,1.0,,30.0,9.15,9.0,0.0,-999.0,6.2,48900.0,1339.18,1.0,-1.0328,96598.0
642,1665.5,2.0,2.0,59.0,27.85,3.0,1.0,87.0,2.9,40293.0,352.55,1.0,1.1468,88766.0
434,1330.6,2.0,2.0,18.0,6.23,24.0,2.0,58.9,8.4,22285.0,1637.08,1.0,0.0805,173536.0
21,777.0,1.0,1.0,7.0,4.69,5.0,0.0,35.3,,83545.0,2182.44,1.0,-1.9713,130793.0
952,2185.6,4.0,2.0,,29.2,22.0,0.0,92.9,7.0,26798.0,2160.55,1.0,-0.5118,228060.0
594,1912.1,3.0,2.0,19.0,23.75,9.0,1.0,57.8,5.1,43951.0,2332.28,1.0,-0.461,201622.0
853,983.2,2.0,1.0,54.0,10.22,18.0,3.0,67.3,5.0,,1547.8,1.0,-0.6021,89114.0
832,1103.3,2.0,1.0,8.0,4.23,19.0,1.0,6.4,10.0,62767.0,1038.96,1.0,0.3276,163536.0
369,1996.4,4.0,,11.0,2.18,9.0,2.0,42.4,6.9,79952.0,3481.71,1.0,-1.127,312563.0
486,1029.0,2.0,2.0,29.0,14.53,19.0,2.0,57.8,4.8,76176.0,1227.11,1.0,-0.0031,122187.0
861,1400.9,3.0,3.0,,21.18,16.0,1.0,46.1,,72725.0,1706.65,1.0,0.1967,185557.0
974,1847.9,3.0,1.0,16.0,3.41,8.0,3.0,39.4,6.6,49235.0,2524.18,1.0,-1.811,220799.0
925,2127.5,4.0,3.0,14.0,9.69,7.0,2.0,69.3,7.4,40872.0,2916.43,1.0,1.0696,277684.0
258,1564.3,4.0,3.0,39.0,14.57,10.0,2.0,46.3,7.5,69477.0,2579.94,1.0,0.7597,234517.0
295,1870.8,4.0,3.0,33.0,15.71,8.0,1.0,55.1,6.1,60063.0,2955.95,1.0,0.3264,247422.0
345,1202.8,2.0,1.0,33.0,16.13,13.0,1.0,47.7,6.8,37880.0,1692.3,1.0,-0.2952,130279.0
152,1320.4,1.0,1.0,2.0,8.0,9.0,0.0,57.1,8.1,49644.0,1826.61,1.0,-0.028,167846.0
829,3641.3,5.0,3.0,8.0,3.6,22.0,,,,30412.0,5445.89,1.0,0.3157,450261.0
564,1721.1,2.0,2.0,21.0,20.45,16.0,2.0,67.3,2.2,28028.0,2073.73,1.0,-1.5293,143498.0
381,1391.5,3.0,2.0,25.0,16.75,19.0,2.0,52.7,5.3,44130.0,1851.12,1.0,-0.4306,162906.0
399,807.1,2.0,1.0,42.0,17.23,24.0,2.0,54.0,6.2,28300.0,750.51,1.0,0.2924,106768.0
222,1053.5,3.0,1.0,13.0,6.81,21.0,1.0,32.7,,29421.0,2221.12,1.0,-2.7171,200614.0
973,671.3,2.0,2.0,6.0,4.07,3.0,,40.5,6.2,,862.23,1.0,1.1087,118034.0
450,1818.4,4.0,2.0,39.0,19.09,17.0,1.0,,5.0,,1440.4,1.0,1.3499,159473.0
990,1809.4,3.0,2.0,25.0,1.58,2.0,2.0,53.9,7.6,59670.0,3092.4,1.0,-0.3993,219669.0
412,1825.0,4.0,2.0,23.0,9.32,18.0,1.0,,6.0,60219.0,2328.16,1.0,1.4384,240086.0
289,1218.9,2.0,1.0,52.0,11.45,9.0,1.0,,6.9,,2118.87,1.0,1.0598,163042.0
328,1045.5,2.0,1.0,53.0,15.7,21.0,1.0,66.3,4.8,35235.0,1311.42,1.0,0.0936,68783.0
447,1694.7,2.0,1.0,,5.72,23.0,0.0,,8.8,,2845.79,1.0,1.1346,5000000.0
756,1437.5,1.0,1.0,46.0,24.09,21.0,1.0,,3.5,59165.0,999.47,1.0,-1.0345,138700.0
759,3288.5,7.0,5.0,37.0,19.74,24.0,2.0,69.1,2.9,34426.0,4387.42,1.0,-1.1702,350518.0
95,1477.5,3.0,2.0,51.0,31.05,3.0,2.0,47.3,1.5,40869.0,1238.14,1.0,-0.0934,128616.0
72,737.0,1.0,1.0,1.0,17.81,1.0,3.0,,5.5,36670.0,857.75,1.0,-0.4964,107094.0
945,1463.9,2.0,1.0,2.0,2.81,5.0,3.0,,8.0,74808.0,3263.22,1.0,-0.2647,258842.0
261,1500.3,3.0,2.0,17.0,11.8,3.0,3.0,38.6,5.6,54721.0,2782.2,1.0,-1.2391,228252.0
259,1505.4,2.0,1.0,6.0,22.67,6.0,,53.5,5.1,,2369.35,1.0,0.1406,154757.0
179,1639.4,2.0,1.0,,2.93,6.0,1.0,46.0,8.7,44161.0,2495.56,1.0,-0.699,209149.0
127,702.8,1.0,1.0,33.0,7.84,24.0,3.0,-999.0,,38757.0,1388.81,1.0,0.2225,96445.0
724,2266.4,4.0,2.0,48.0,9.81,4.0,1.0,49.0,6.0,47427.0,3088.79,1.0,-0.416,245427.0
521,1196.7,2.0,2.0,25.0,12.55,3.0,1.0,36.2,3.9,,1248.58,1.0,-1.3452,134190.0
409,1741.2,4.0,3.0,35.0,11.07,10.0,1.0,67.1,5.6,54144.0,2639.17,1.0,-1.6359,233361.0
452,1828.3,4.0,3.0,11.0,7.61,18.0,1.0,35.0,6.9,,3912.2,1.0,-0.7992,285191.0
476,1053.6,2.0,1.0,18.0,9.68,8.0,3.0,46.5,8.0,,1851.26,1.0,-1.3634,168551.0
749,1168.2,3.0,2.0,,14.8,2.0,2.0,46.8,5.5,28659.0,1992.44,1.0,-0.3757,157320.0
984,1761.4,3.0,2.0,15.0,2.37,21.0,3.0,66.6,8.0,63943.0,3438.62,1.0,-0.8707,256380.0
730,1082.6,1.0,1.0,52.0,6.86,18.0,0.0,39.4,7.4,48728.0,587.84,1.0,1.7186,130192.0
629,1400.0,4.0,2.0,4.0,17.3,12.0,1.0,48.7,6.5,81447.0,2243.25,1.0,0.3709,192679.0
938,2050.6,3.0,3.0,1.0,6.64,4.0,0.0,,7.8,50151.0,2509.23,1.0,0.1763,243930.0
113,1030.9,2.0,1.0,28.0,26.6,8.0,0.0,80.6,2.9,30230.0,1679.74,1.0,-0.4278,100801.0
777,1867.3,4.0,3.0,51.0,15.97,1.0,0.0,,6.4,38045.0,2124.67,1.0,-2.9211,173714.0
495,2408.8,3.0,3.0,49.0,15.82,24.0,1.0,59.5,5.3,35840.0,2018.72,1.0,-0.5359,244569.0
410,761.5,2.0,1.0,51.0,7.64,19.0,0.0,38.6,5.9,94353.0,788.24,1.0,2.036,103130.0
196,1945.9,4.0,3.0,21.0,22.8,12.0,2.0,60.9,3.2,,2349.46,1.0,0.3482,184378.0
753,1336.8,2.0,2.0,36.0,6.3,13.0,1.0,66.1,8.2,44406.0,1814.96,1.0,-1.0944,160422.0
384,989.5,1.0,,28.0,16.22,5.0,2.0,38.0,4.7,44133.0,1907.38,1.0,-0.6981,132788.0
651,2172.8,5.0,4.0,58.0,8.19,22.0,1.0,50.1,6.4,33146.0,2128.5,1.0,-2.0304,223684.0
849,1440.1,2.0,1.0,,4.84,12.0,3.0,59.4,3.3,50012.0,2802.7,1.0,0.9343,199368.0
513,999.6,2.0,1.0,4.0,4.65,20.0,2.0,30.5,7.5,67900.0,2843.06,1.0,-1.288,166492.0
198,2043.6,3.0,3.0,54.0,8.79,2.0,2.0,44.0,10.0,37409.0,2996.46,1.0,0.8067,247625.0
185,1403.9,2.0,1.0,27.0,5.44,16.0,2.0,59.2,7.4,45915.0,1886.34,1.0,-1.0975,213172.0
732,,2.0,1.0,55.0,1.75,14.0,0.0,52.2,5.5,,2119.07,1.0,-1.5418,151289.0
931,2246.5,5.0,5.0,53.0,5.73,4.0,2.0,,6.1,44831.0,4607.86,1.0,-0.1891,309373.0
440,1482.1,1.0,2.0,28.0,15.15,4.0,3.0,50.8,4.7,60195.0,1763.61,1.0,2.3973,156018.0
667,1513.4,2.0,2.0,56.0,12.37,14.0,2.0,50.2,5.1,51583.0,2024.59,1.0,0.4705,170684.0
481,1612.2,2.0,1.0,12.0,29.72,21.0,1.0,79.9,6.1,,2098.33,1.0,-0.2809,146470.0
598,1328.4,2.0,2.0,40.0,12.79,5.0,2.0,62.5,6.0,26110.0,1584.18,1.0,0.7536,174592.0
266,1770.3,2.0,3.0,22.0,3.68,24.0,1.0,,,55047.0,2885.21,1.0,1.8992,204439.0
219,1095.3,1.0,1.0,34.0,13.55,3.0,1.0,30.5,6.0,60800.0,797.37,1.0,-1.0159,105193.0
581,1627.6,2.0,2.0,14.0,8.86,6.0,,,7.3,70868.0,2572.55,1.0,0.7204,206557.0
374,1167.3,1.0,1.0,45.0,13.47,1.0,2.0,,5.2,52984.0,1829.76,1.0,-1.1863,139200.0
166,1186.5,1.0,,5.0,19.46,11.0,3.0,67.2,,,1846.18,1.0,0.6275,138390.0
839,1253.3,2.0,2.0,59.0,6.3,16.0,2.0,41.2,6.5,,1935.32,1.0,-0.1032,150967.0
674,1107.4,2.0,1.0,31.0,16.14,6.0,0.0,27.5,4.4,38804.0,950.59,1.0,0.1062,110203.0
146,946.5,3.0,2.0,34.0,13.24,12.0,1.0,55.3,7.2,53064.0,1643.34,1.0,-1.5519,125593.0
290,1291.7,1.0,1.0,54.0,18.0,19.0,0.0,68.5,4.5,53939.0,1544.2,1.0,-1.117,83000.0
499,2130.5,3.0,2.0,22.0,7.0,15.0,2.0,,5.0,42084.0,2938.16,1.0,-1.1703,243881.0
416,998.0,1.0,1.0,34.0,7.93,2.0,0.0,43.0,,58456.0,1280.5,1.0,-0.7378,135960.0
744,1465.0,2.0,1.0,,9.04,17.0,2.0,67.6,,55363.0,1319.29,1.0,0.9006,130174.0
89,2226.4,4.0,2.0,18.0,11.0,5.0,1.0,53.1,-2.0,33413.0,2748.49,1.0,0.0431,263722.0
278,593.0,2.0,1.0,51.0,7.9,23.0,1.0,36.4,6.9,31474.0,1649.52,1.0,0.2954,68100.0
898,1018.0,2.0,1.0,39.0,12.18,23.0,2.0,12.9,6.5,,1544.62,1.0,-0.8643,171475.0
585,1360.3,3.0,3.0,51.0,16.12,11.0,2.0,55.9,6.8,59503.0,2501.43,1.0,1.0528,195617.0
685,1304.3,2.0,1.0,38.0,20.42,6.0,2.0,-999.0,,,1123.2,1.0,0.1255,121676.0
460,810.2,1.0,1.0,46.0,21.63,2.0,3.0,40.9,2.2,33552.0,1164.75,1.0,-0.3506,53119.0
43,,3.0,2.0,,23.06,14.0,3.0,53.5,4.5,38696.0,1255.15,1.0,1.4056,116763.0
174,1408.1,2.0,1.0,36.0,6.56,20.0,0.0,23.8,6.9,,1769.28,1.0,-1.6662,166949.0
108,1759.1,3.0,2.0,16.0,7.02,24.0,1.0,,6.5,73285.0,2956.98,1.0,1.725,236241.0
253,2360.8,3.0,2.0,29.0,14.27,17.0,2.0,37.1,7.3,59277.0,3864.56,1.0,1.1517,292281.0
135,2292.1,3.0,2.0,,14.78,11.0,0.0,72.6,5.6,40358.0,2688.55,1.0,-1.614,256401.0
360,,2.0,1.0,39.0,23.93,18.0,2.0,49.5,3.4,47695.0,1372.58,1.0,-1.3574,113580.0
797,966.6,1.0,1.0,8.0,7.04,5.0,1.0,23.1,4.7,30040.0,1403.0,1.0,0.6135,121084.0
51,1932.9,3.0,3.0,20.0,9.31,19.0,1.0,33.1,8.2,42742.0,3122.2,1.0,-0.6112,252718.0
234,1667.2,4.0,2.0,8.0,6.2,13.0,2.0,61.2,7.2,42561.0,1929.58,1.0,-1.1243,208957.0
269,,1.0,1.0,,10.69,19.0,1.0,47.9,7.7,41655.0,1650.94,1.0,-0.7442,114528.0
403,1297.3,1.0,,,2.69,5.0,1.0,57.3,7.8,21478.0,1853.27,1.0,-0.5685,119016.0
929,2244.4,4.0,3.0,20.0,11.69,17.0,2.0,42.7,6.7,100570.0,2896.4,1.0,0.6015,293441.0
37,1463.5,3.0,1.0,47.0,7.11,4.0,2.0,38.0,8.5,38903.0,1821.44,1.0,-1.2544,168107.0
398,2101.9,5.0,3.0,10.0,10.84,15.0,2.0,18.5,6.3,51557.0,3812.76,1.0,0.2972,337724.0
274,2467.9,5.0,4.0,48.0,14.08,13.0,1.0,37.2,7.0,61607.0,3360.26,1.0,-0.7908,288334.0
491,1972.6,3.0,3.0,44.0,6.05,4.0,2.0,49.2,6.1,29145.0,2400.62,1.0,-0.3898,212687.0
725,1617.6,1.0,1.0,33.0,10.82,3.0,2.0,,4.4,57592.0,1689.55,1.0,0.6975,172745.0
650,1361.1,2.0,2.0,58.0,3.37,2.0,2.0,46.5,7.0,,1816.59,1.0,0.6125,166017.0
342,1796.7,3.0,4.0,21.0,2.57,19.0,1.0,61.4,,,3366.99,1.0,1.3095,261755.0
988,1489.6,3.0,2.0,,10.12,21.0,1.0,67.5,5.0,18301.0,1228.65,1.0,0.543,162860.0
999,1740.4,2.0,1.0,43.0,16.98,23.0,2.0,,5.9,18589.0,978.37,1.0,-0.8788,150214.0
503,1051.5,2.0,3.0,,18.17,1.0,0.0,,5.8,34743.0,1622.36,1.0,-0.6654,134298.0
314,1367.1,3.0,1.0,9.0,15.87,6.0,2.0,30.4,,,2326.79,1.0,-0.5657,197541.0
415,1334.8,3.0,2.0,34.0,8.62,3.0,2.0,29.6,7.6,87205.0,2048.51,1.0,0.5848,201815.0
430,1260.6,3.0,2.0,0.0,2.96,15.0,1.0,47.5,6.3,34902.0,2294.19,1.0,1.0721,193708.0
52,972.9,3.0,3.0,43.0,8.59,12.0,2.0,19.2,5.4,43766.0,1061.07,1.0,2.2426,131266.0
921,2028.4,4.0,,,4.05,4.0,1.0,62.4,5.2,43097.0,2537.32,1.0,-0.7223,238017.0
181,1268.5,2.0,1.0,14.0,20.55,16.0,1.0,56.1,5.1,18306.0,1718.39,1.0,0.3085,137301.0
366,1695.6,3.0,2.0,9.0,14.5,12.0,2.0,48.6,5.6,34487.0,2428.79,1.0,0.1969,223114.0
459,1460.1,2.0,1.0,28.0,11.11,21.0,0.0,56.1,7.9,24823.0,1921.61,1.0,0.9935,158214.0
510,1464.4,2.0,1.0,13.0,9.83,10.0,3.0,41.6,7.7,,2691.38,1.0,0.0233,
966,1951.7,2.0,1.0,47.0,12.16,16.0,2.0,39.9,4.1,86455.0,2881.27,1.0,-0.3998,210126.0
224,1766.9,2.0,3.0,45.0,9.33,4.0,2.0,38.7,6.3,40400.0,2923.08,1.0,-0.9597,229418.0
846,1258.5,3.0,2.0,46.0,18.85,14.0,2.0,40.3,5.9,33892.0,1906.08,1.0,2.0928,131240.0
702,1302.1,2.0,1.0,40.0,43.37,17.0,3.0,64.0,1.0,59542.0,1243.28,1.0,1.3867,119873.0
840,709.7,1.0,1.0,18.0,11.04,5.0,,46.0,5.0,48954.0,606.96,1.0,0.1602,86463.0
39,1206.8,2.0,1.0,5.0,8.66,4.0,1.0,40.1,4.6,44022.0,990.17,1.0,0.7066,120839.0
663,1269.4,2.0,3.0,,5.79,5.0,2.0,27.8,6.6,25727.0,1212.9,1.0,0.9031,148738.0
666,2979.9,5.0,4.0,31.0,1.36,18.0,1.0,49.0,7.0,75843.0,4441.83,1.0,-1.0472,345764.0
380,1451.5,3.0,,37.0,2.29,16.0,1.0,49.3,7.0,,1894.24,1.0,0.7842,171546.0
124,735.7,1.0,1.0,36.0,3.29,18.0,1.0,42.1,8.2,38653.0,1986.26,1.0,-1.422,108924.0
257,2198.9,3.0,3.0,3.0,6.19,21.0,,,7.6,61144.0,3745.94,1.0,-1.0376,295604.0
675,832.0,2.0,2.0,15.0,7.84,8.0,2.0,68.9,,26392.0,1362.74,1.0,0.7477,134170.0
873,2346.9,5.0,3.0,,14.37,24.0,0.0,46.0,6.3,38829.0,2767.56,1.0,-1.5271,262787.0
582,2729.3,4.0,3.0,2.0,16.82,3.0,,67.7,4.6,75938.0,4914.13,1.0,0.1143,317058.0
208,819.7,2.0,1.0,19.0,5.34,4.0,2.0,48.0,6.6,68425.0,1789.02,1.0,0.9978,128849.0
507,1091.6,2.0,1.0,24.0,4.26,18.0,3.0,56.6,5.8,41172.0,1833.97,1.0,-0.1125,169848.0
494,1307.4,2.0,1.0,,34.4,1.0,2.0,52.1,2.5,32107.0,399.29,1.0,-1.0537,78815.0
970,1860.4,3.0,3.0,19.0,21.59,10.0,1.0,,5.0,70645.0,2591.53,1.0,0.0288,236546.0
520,1447.0,2.0,3.0,43.0,8.08,15.0,0.0,39.9,6.6,30063.0,2251.11,1.0,0.6646,177240.0
856,1598.9,3.0,2.0,,11.63,13.0,1.0,-999.0,,60678.0,2170.2,1.0,1.2787,219974.0
397,1596.8,4.0,2.0,26.0,14.28,22.0,1.0,-999.0,7.0,30393.0,2223.42,1.0,2.0076,9000000.0
74,1430.7,3.0,1.0,11.0,19.39,11.0,2.0,76.4,7.5,48956.0,2973.8,1.0,1.4256,191109.0
251,474.4,1.0,2.0,7.0,17.62,21.0,1.0,58.5,5.3,62759.0,619.16,1.0,-0.2606,38106.0
745,2824.1,6.0,4.0,55.0,10.63,20.0,3.0,58.6,5.6,59055.0,4285.02,1.0,-0.4911,334429.0
772,1234.0,1.0,,55.0,8.38,5.0,0.0,21.8,6.2,38006.0,2095.3,1.0,0.4653,151850.0
758,1298.8,2.0,1.0,23.0,19.07,11.0,1.0,68.3,5.8,29701.0,715.37,1.0,-0.7391,
14,1068.8,1.0,1.0,41.0,8.06,6.0,2.0,43.4,7.3,50411.0,1192.61,1.0,0.0183,137235.0
928,1385.8,2.0,1.0,45.0,13.79,6.0,1.0,,5.6,32526.0,2095.97,1.0,0.0781,164029.0
884,1423.8,2.0,1.0,54.0,8.35,23.0,1.0,54.0,4.2,44547.0,936.81,1.0,-0.2253,158321.0
517,2845.1,5.0,2.0,54.0,24.44,4.0,3.0,69.6,3.9,37766.0,3555.76,1.0,-2.5614,288333.0
605,817.1,1.0,,0.0,11.95,24.0,0.0,-999.0,6.4,25518.0,657.84,1.0,0.5123,75321.0
816,2622.6,5.0,,36.0,11.25,23.0,0.0,34.6,6.6,,3618.23,1.0,-0.0153,316784.0
607,1200.0,1.0,1.0,59.0,8.56,23.0,0.0,38.4,4.2,34929.0,913.14,1.0,-0.365,63991.0
949,1495.8,2.0,2.0,31.0,5.14,22.0,2.0,42.6,6.9,31765.0,2404.95,1.0,-0.703,197027.0
528,1388.5,2.0,1.0,9.0,25.67,16.0,2.0,59.1,5.1,43686.0,1472.56,1.0,-0.0064,136644.0
879,1940.1,4.0,2.0,19.0,2.47,20.0,1.0,46.1,,38458.0,3310.83,1.0,1.4847,233468.0
579,2310.9,3.0,,40.0,15.92,6.0,1.0,42.8,,,3284.46,1.0,3.0063,250993.0
669,2531.9,4.0,2.0,58.0,23.42,21.0,2.0,68.1,4.3,51216.0,2832.05,1.0,-0.2161,240121.0
176,967.2,1.0,1.0,37.0,9.73,22.0,0.0,45.8,6.2,57145.0,621.43,1.0,1.653,119579.0
817,1535.4,3.0,2.0,15.0,5.9,18.0,2.0,59.8,5.7,64508.0,2213.92,1.0,0.9882,215024.0
690,1308.5,1.0,1.0,8.0,3.86,23.0,1.0,30.4,8.4,9000000.0,1851.57,1.0,-0.7765,194433.0
841,892.6,1.0,1.0,46.0,9.29,16.0,2.0,9.9,7.0,46430.0,1771.06,1.0,1.1198,113173.0
798,1724.0,3.0,2.0,10.0,8.84,24.0,1.0,27.9,6.9,74833.0,3015.61,1.0,0.8275,266415.0
496,551.8,1.0,,25.0,10.13,3.0,1.0,29.7,6.8,45903.0,1370.12,1.0,1.1591,80539.0
309,1311.4,2.0,2.0,,13.38,15.0,1.0,50.3,5.4,24738.0,1741.29,1.0,0.1457,153342.0
139,,3.0,2.0,53.0,5.68,19.0,1.0,35.9,,,1703.95,1.0,1.1136,164090.0
526,1427.4,20.0,3.0,21.0,10.9,19.0,3.0,59.4,7.2,95196.0,2578.04,1.0,-0.8017,240451.0
64,977.0,1.0,1.0,13.0,3.71,7.0,0.0,28.8,9.0,75440.0,1794.32,1.0,-0.6864,178066.0
515,1460.4,3.0,2.0,34.0,8.67,3.0,2.0,29.1,5.9,,2398.59,1.0,-1.0143,161207.0
612,1691.5,4.0,,42.0,6.23,1.0,1.0,50.9,5.4,68127.0,3009.5,1.0,0.5312,243029.0
186,1491.9,1.0,1.0,52.0,5.33,24.0,1.0,,7.3,69901.0,1896.84,1.0,-1.157,164975.0
85,1381.5,2.0,1.0,44.0,7.52,8.0,0.0,51.5,,66589.0,2189.41,1.0,0.2084,182311.0
423,1294.7,2.0,1.0,48.0,25.65,13.0,0.0,-999.0,5.3,,1932.87,1.0,-0.1086,
148,1402.6,2.0,1.0,43.0,0.92,17.0,2.0,41.8,7.6,28330.0,2035.33,1.0,0.5438,177227.0
550,971.2,1.0,1.0,38.0,4.91,19.0,1.0,44.1,7.1,61392.0,1681.24,1.0,1.1681,159666.0
706,1239.1,2.0,2.0,12.0,17.11,24.0,1.0,49.2,7.0,34177.0,2101.71,1.0,1.112,147840.0
232,1125.5,3.0,2.0,,32.55,22.0,1.0,41.8,1.2,51612.0,1272.02,1.0,0.6969,108234.0
544,25000.0,2.0,1.0,45.0,15.34,4.0,1.0,84.8,5.9,28051.0,1765.98,1.0,1.4716,130369.0
940,1274.8,2.0,1.0,,25.59,16.0,0.0,,3.8,60856.0,1566.92,1.0,0.2646,
362,2849.2,5.0,3.0,0.0,14.18,10.0,1.0,48.8,4.6,41411.0,4026.69,1.0,0.5547,360205.0
545,1298.9,2.0,2.0,16.0,33.46,8.0,2.0,82.9,,57131.0,1792.77,1.0,0.4232,116377.0
120,1583.6,3.0,2.0,3.0,5.18,21.0,2.0,43.3,7.1,52266.0,2234.54,1.0,-2.1904,249375.0
303,1450.3,2.0,2.0,4.0,3.85,12.0,1.0,,7.9,97363.0,2881.71,1.0,-0.6547,245657.0
515,1460.4,3.0,2.0,34.0,8.67,3.0,2.0,29.1,5.9,,2398.59,1.0,-1.0143,161207.0
505,1972.8,4.0,2.0,23.0,16.78,18.0,1.0,72.9,7.8,,2943.19,1.0,0.9463,223542.0
407,,2.0,1.0,34.0,15.65,8.0,1.0,58.0,5.1,44984.0,813.58,1.0,-1.6984,99674.0
488,1038.8,2.0,1.0,56.0,8.13,12.0,3.0,54.9,6.6,,1208.76,1.0,-1.1814,134607.0
968,1444.0,2.0,2.0,,6.66,8.0,2.0,,,71739.0,1603.48,1.0,0.6854,197388.0
217,1358.3,2.0,1.0,250.0,7.72,3.0,1.0,26.5,6.6,46989.0,1626.64,1.0,-0.1077,158470.0
156,1332.8,2.0,2.0,24.0,6.71,2.0,1.0,58.5,7.5,26568.0,1659.36,1.0,0.5052,155851.0
584,1427.7,2.0,1.0,34.0,18.33,11.0,2.0,65.8,7.5,31250.0,3222.09,1.0,0.466,180249.0
298,1355.3,3.0,3.0,,6.03,4.0,1.0,32.2,7.6,86316.0,2687.27,1.0,-2.1881,195315.0
560,1692.8,4.0,3.0,,4.77,8.0,2.0,40.8,,49872.0,3242.31,1.0,-0.7372,266448.0
688,1466.3,1.0,,42.0,9.18,21.0,1.0,32.1,5.8,45194.0,1199.76,1.0,-0.8576,131785.0
590,1538.5,3.0,1.0,13.0,15.57,18.0,3.0,48.5,6.3,55631.0,1989.57,1.0,0.3032,198578.0
318,1363.2,1.0,1.0,49.0,5.11,4.0,0.0,52.2,6.2,42019.0,1796.56,1.0,1.9588,159671.0
428,1027.2,2.0,1.0,1.0,9.23,14.0,1.0,50.3,7.8,134035.0,2336.29,1.0,-1.287,184324.0
277,1690.1,3.0,2.0,43.0,5.25,15.0,0.0,51.6,7.6,41478.0,2203.61,1.0,0.9579,200027.0
820,1341.5,2.0,1.0,49.0,22.47,23.0,3.0,86.3,4.7,,365.4,1.0,0.3453,106279.0
842,1281.1,2.0,1.0,8.0,7.55,16.0,1.0,60.1,6.9,83749.0,1806.92,1.0,0.8684,186885.0
27,613.5,2.0,1.0,12.0,15.95,20.0,1.0,74.0,5.9,,1595.7,1.0,-0.3484,104409.0
115,1498.7,2.0,1.0,12.0,6.74,11.0,,62.2,,31227.0,2206.37,1.0,-0.0052,175753.0
714,1723.1,3.0,2.0,3.0,24.51,23.0,0.0,68.0,5.5,60644.0,2642.18,1.0,-1.0414,197244.0
903,3004.3,5.0,4.0,,8.24,7.0,,24.5,7.4,,4227.38,1.0,1.0283,360095.0
783,1172.7,0.0,2.0,18.0,15.09,21.0,2.0,44.9,6.7,22396.0,2104.74,1.0,1.4505,167987.0
161,1023.6,2.0,2.0,55.0,22.61,17.0,0.0,,4.9,39302.0,959.57,1.0,-0.4585,94671.0
350,1064.5,1.0,1.0,57.0,10.68,7.0,1.0,48.8,5.1,52528.0,991.98,1.0,-0.2333,104712.0
216,1503.5,4.0,2.0,49.0,14.78,1.0,2.0,60.7,6.5,54702.0,2715.7,1.0,0.0887,196676.0
722,1313.5,3.0,1.0,44.0,4.38,2.0,2.0,22.5,7.7,,1546.63,1.0,1.4985,171327.0
106,1189.9,2.0,1.0,15.0,18.15,14.0,2.0,68.0,5.2,30362.0,2260.23,1.0,-1.1849,138326.0
570,,3.0,3.0,57.0,3.29,2.0,0.0,49.9,7.7,66543.0,2404.81,1.0,-0.8973,180320.0
593,1451.5,3.0,2.0,37.0,12.84,10.0,1.0,,6.3,,2258.02,1.0,-0.8642,161120.0
736,872.5,1.0,,23.0,2.08,19.0,0.0,44.5,6.6,31222.0,1194.29,1.0,-0.0571,91799.0
645,2129.1,3.0,3.0,14.0,11.84,15.0,1.0,42.4,,27236.0,2934.91,1.0,-1.4738,241591.0
330,2997.2,6.0,,43.0,3.61,15.0,0.0,47.2,7.5,60631.0,3699.16,1.0,1.3031,355753.0
94,2139.3,3.0,1.0,43.0,14.29,5.0,0.0,31.7,,61203.0,2547.89,1.0,1.2994,212319.0
864,1242.1,2.0,2.0,,22.55,19.0,0.0,75.8,5.8,,1118.01,1.0,-2.4608,109820.0
29,1455.4,3.0,,35.0,11.34,6.0,1.0,50.9,5.7,37979.0,1786.44,1.0,1.1778,133150.0
890,1544.1,2.0,1.0,50.0,12.13,8.0,0.0,28.6,,28995.0,1256.74,1.0,-0.3139,139804.0
388,1254.0,2.0,2.0,0.0,5.58,20.0,1.0,52.4,,67515.0,2636.28,1.0,1.464,213954.0
332,1378.8,3.0,2.0,12.0,10.72,16.0,3.0,32.3,,148294.0,3698.15,1.0,1.087,248267.0
293,2074.6,5.0,3.0,29.0,8.14,6.0,2.0,68.9,8.4,17888.0,3947.77,1.0,1.1775,290327.0
659,1518.5,2.0,2.0,47.0,30.95,5.0,,64.8,,20577.0,778.05,1.0,1.7438,121735.0
531,1362.3,3.0,2.0,33.0,18.16,19.0,2.0,45.4,5.5,68881.0,2353.72,1.0,-0.4719,187873.0
84,1419.0,2.0,1.0,53.0,8.92,1.0,1.0,46.2,6.9,31951.0,1344.53,1.0,0.711,141608.0
475,1722.4,2.0,1.0,43.0,16.27,2.0,,40.9,3.9,45555.0,2521.06,1.0,-1.1111,163505.0
547,1347.0,3.0,2.0,18.0,7.05,16.0,2.0,32.4,6.3,51838.0,2176.36,1.0,-1.2713,185326.0
461,1859.4,3.0,2.0,58.0,5.95,15.0,0.0,12.1,8.8,50121.0,2438.59,1.0,0.3534,
96,1815.6,3.0,,27.0,15.88,24.0,2.0,60.3,6.2,44614.0,1862.17,1.0,-0.5348,212261.0
213,832.7,2.0,1.0,3.0,11.95,19.0,0.0,-999.0,,,1557.86,1.0,1.152,
429,1242.0,2.0,,,22.44,1.0,3.0,65.2,4.3,48255.0,1063.36,1.0,0.4415,105619.0
567,1786.9,4.0,4.0,,10.63,13.0,1.0,48.5,3.5,57091.0,2524.41,1.0,0.8951,213129.0
16,1888.2,2.0,1.0,58.0,6.55,6.0,1.0,27.0,5.4,68748.0,2372.87,1.0,1.7394,185102.0
691,1369.8,2.0,2.0,51.0,15.29,10.0,1.0,52.9,5.6,,2212.96,1.0,1.4402,156884.0
172,1735.7,3.0,,52.0,4.39,6.0,1.0,33.0,6.9,33025.0,1944.3,1.0,0.0534,195454.0
956,1819.1,3.0,1.0,22.0,14.77,4.0,2.0,68.0,4.1,47498.0,2572.54,1.0,0.6859,184843.0
24,1627.7,2.0,2.0,,19.29,9.0,2.0,64.7,6.8,25814.0,2066.29,1.0,0.0749,196898.0
425,955.2,1.0,2.0,43.0,5.32,19.0,3.0,10.0,6.5,102089.0,723.75,1.0,0.699,137295.0
731,970.3,2.0,1.0,2.0,5.19,11.0,0.0,42.6,7.3,72082.0,1611.41,1.0,1.1567,
592,1129.7,2.0,1.0,,2.95,18.0,1.0,28.4,5.6,52285.0,1735.15,1.0,-2.2172,139990.0
577,940.3,2.0,1.0,49.0,8.18,12.0,0.0,39.0,8.9,126558.0,2508.73,1.0,-0.1616,159503.0
720,1318.7,3.0,2.0,32.0,8.6,2.0,1.0,43.9,6.8,,963.63,1.0,1.728,159719.0
708,2692.9,5.0,4.0,7.0,17.18,16.0,2.0,36.6,4.4,35743.0,4061.91,1.0,-0.2098,326008.0
168,1914.5,3.0,2.0,52.0,17.88,10.0,1.0,71.4,4.8,65556.0,1926.43,1.0,0.4574,182912.0
899,1578.0,3.0,3.0,11.0,11.68,16.0,1.0,64.4,7.7,,1972.33,1.0,0.1144,192107.0
489,927.8,3.0,2.0,58.0,5.89,15.0,,35.5,5.5,45922.0,1240.62,1.0,0.3321,122674.0
271,1476.5,2.0,2.0,13.0,7.99,6.0,1.0,56.7,8.0,64971.0,2424.86,1.0,0.685,229811.0
775,1170.8,2.0,3.0,42.0,17.25,7.0,1.0,85.8,,23367.0,1809.89,1.0,1.4803,109433.0
917,1498.9,3.0,,31.0,3.11,9.0,1.0,69.9,,54710.0,2749.04,1.0,0.9583,211158.0
887,1270.2,3.0,2.0,1.0,6.18,14.0,1.0,38.1,7.2,57109.0,2342.32,1.0,2.0213,205416.0
867,2261.2,4.0,1.0,32.0,10.34,14.0,0.0,30.3,8.0,49564.0,3826.6,1.0,0.127,273380.0
337,2316.7,3.0,2.0,49.0,15.65,9.0,3.0,73.8,,70453.0,2834.06,1.0,-0.9364,239711.0
77,,2.0,1.0,12.0,10.79,16.0,2.0,59.7,5.8,33990.0,2813.56,1.0,0.0066,169521.0
923,1559.1,4.0,3.0,56.0,7.98,18.0,3.0,61.3,6.5,42986.0,1967.01,1.0,0.6239,191636.0
780,853.3,2.0,1.0,1.0,33.86,6.0,1.0,44.0,1.3,33517.0,542.79,1.0,-2.9874,81683.0
76,1884.3,2.0,3.0,55.0,4.39,10.0,3.0,,7.7,23863.0,2183.15,1.0,0.2047,223133.0
603,1452.0,2.0,,42.0,21.99,11.0,2.0,65.9,,29661.0,2129.99,1.0,-0.4637,118946.0
141,2174.4,3.0,2.0,32.0,26.35,2.0,1.0,,3.8,81895.0,2300.55,1.0,0.7224,212673.0
111,1892.9,3.0,3.0,55.0,5.67,9.0,2.0,56.1,7.8,,1882.2,1.0,0.6609,213625.0
236,909.2,2.0,1.0,25.0,13.28,17.0,,,6.0,32826.0,1260.62,1.0,-0.4841,92124.0
901,2202.0,4.0,3.0,29.0,21.43,14.0,2.0,64.5,3.0,58029.0,2680.11,1.0,-1.1828,246279.0
308,1515.7,2.0,2.0,2.0,4.69,7.0,1.0,40.9,8.7,45331.0,2404.89,1.0,-0.7998,192604.0
379,982.7,1.0,1.0,4.0,0.52,11.0,1.0,33.8,,42570.0,1741.72,1.0,0.9925,180589.0
10,1191.3,2.0,2.0,6.0,11.03,18.0,1.0,33.4,7.4,56913.0,2610.54,1.0,-0.4231,171702.0
818,968.8,3.0,2.0,21.0,12.89,11.0,0.0,63.3,4.7,33219.0,1328.09,1.0,0.4459,108217.0
964,1054.6,3.0,2.0,14.0,2.69,12.0,2.0,34.3,7.6,52110.0,2874.99,1.0,-0.7355,205118.0
766,2041.4,4.0,3.0,43.0,6.31,15.0,3.0,34.6,8.4,57409.0,3194.1,1.0,2.0187,261462.0
32,1252.4,2.0,2.0,6.0,1.96,9.0,2.0,49.6,7.6,86163.0,3000.01,1.0,0.7652,211282.0
357,1333.3,2.0,3.0,53.0,35.29,23.0,2.0,,2.0,35010.0,861.96,1.0,0.0562,81612.0
424,2088.7,3.0,2.0,12.0,14.94,16.0,2.0,46.5,7.9,,3088.28,1.0,-1.7059,289854.0
457,2070.3,5.0,,43.0,9.73,4.0,0.0,48.6,3.6,68902.0,3091.86,1.0,1.224,242587.0
365,820.5,2.0,2.0,39.0,9.57,11.0,1.0,66.2,6.7,36478.0,985.05,1.0,-0.0956,91238.0
998,1286.7,2.0,3.0,49.0,5.5,22.0,1.0,48.2,7.3,56980.0,2269.62,1.0,-1.7819,172695.0
218,,1.0,,,5.5,18.0,2.0,58.4,8.0,51845.0,1832.66,1.0,-1.6075,162185.0
622,1651.4,2.0,1.0,43.0,6.48,20.0,0.0,,7.9,33401.0,3374.58,1.0,0.5115,214311.0
946,1227.1,2.0,1.0,0.0,17.27,5.0,,38.7,7.1,,1704.22,1.0,-1.0708,135335.0
102,1080.3,4.0,3.0,0.0,14.8,16.0,2.0,46.1,7.8,48681.0,1854.7,1.0,-1.3564,174460.0
555,1796.0,2.0,2.0,7.0,5.33,17.0,1.0,58.5,7.4,,2879.21,1.0,-0.9763,241455.0
628,2936.9,5.0,4.0,51.0,4.2,11.0,0.0,25.3,8.2,,4651.89,1.0,-0.4591,376853.0
221,1396.4,1.0,1.0,,6.16,5.0,2.0,25.9,8.7,66677.0,2498.89,1.0,-0.8919,221455.0
748,1895.1,2.0,1.0,41.0,11.08,14.0,0.0,48.4,3.8,61491.0,1155.04,1.0,-1.2286,172580.0
70,1120.9,3.0,1.0,18.0,7.06,18.0,0.0,,8.7,67614.0,1703.62,1.0,-2.3142,169966.0
173,1225.7,2.0,1.0,56.0,16.96,5.0,2.0,,6.1,23810.0,2233.94,1.0,1.5113,129131.0
433,1108.2,2.0,1.0,19.0,6.98,14.0,2.0,55.9,5.9,67914.0,2638.61,1.0,-1.8527,159426.0
150,1487.2,3.0,1.0,,8.82,12.0,0.0,45.0,,43189.0,1620.68,1.0,0.1168,175113.0
237,2019.8,2.0,1.0,43.0,12.86,15.0,2.0,39.2,6.0,42226.0,2526.62,1.0,0.005,195770.0
482,,3.0,,,19.96,24.0,2.0,36.9,7.1,,2465.14,1.0,1.1684,12000000.0
694,1029.7,1.0,1.0,-3.0,26.62,7.0,3.0,52.9,4.1,,957.5,1.0,0.0266,55659.0
386,2147.2,4.0,3.0,4.0,4.93,19.0,,19.6,8.1,82014.0,3251.35,1.0,-1.111,311588.0
993,1359.2,2.0,1.0,9.0,11.29,2.0,1.0,41.4,7.6,35226.0,1827.78,1.0,-1.2761,
911,1455.1,2.0,1.0,58.0,5.91,21.0,1.0,31.8,6.1,63926.0,1673.61,1.0,-0.0222,151967.0
341,1620.9,3.0,2.0,49.0,19.79,14.0,0.0,59.2,7.4,35958.0,1767.64,1.0,0.1913,151694.0
613,1199.5,2.0,2.0,13.0,3.97,8.0,2.0,35.3,7.3,44306.0,1851.37,1.0,-0.0545,204260.0
795,1136.1,2.0,1.0,1.0,11.66,17.0,1.0,43.4,,53180.0,1740.81,1.0,1.1606,157608.0
128,1990.8,3.0,,59.0,12.81,10.0,,31.2,5.6,26097.0,1623.31,1.0,-0.8251,184602.0
793,1380.4,1.0,1.0,21.0,6.49,1.0,0.0,43.1,,50128.0,2581.9,1.0,-0.7093,199348.0
717,819.2,1.0,1.0,7.0,9.03,11.0,2.0,68.2,5.6,62540.0,1607.52,1.0,-0.1968,103590.0
823,1528.8,3.0,3.0,12.0,5.63,13.0,1.0,39.9,,80668.0,3434.73,1.0,2.5975,225394.0
876,1006.9,1.0,2.0,14.0,5.9,16.0,2.0,23.3,6.1,53660.0,1678.52,1.0,-1.1004,133604.0
616,563.3,2.0,1.0,44.0,4.71,17.0,1.0,41.3,6.6,86906.0,134.74,1.0,-0.0506,81395.0
649,2122.0,4.0,4.0,29.0,10.74,12.0,1.0,40.5,7.2,125679.0,3389.26,1.0,0.9363,299818.0
589,1700.2,4.0,3.0,,9.25,10.0,2.0,39.3,6.8,52161.0,2956.17,1.0,-1.7121,235884.0
390,1413.4,3.0,2.0,38.0,6.66,16.0,1.0,30.8,4.3,41270.0,1407.78,1.0,0.9416,146021.0
54,1811.4,2.0,2.0,14.0,9.65,10.0,1.0,53.4,5.8,49373.0,2668.85,1.0,2.9551,232461.0
230,1085.4,2.0,1.0,12.0,6.83,21.0,1.0,26.6,6.3,,1983.32,1.0,0.7735,148511.0
36,1115.8,2.0,1.0,9.0,11.49,18.0,3.0,,6.7,51550.0,1733.17,1.0,-0.0354,156191.0
703,2262.4,2.0,2.0,40.0,7.28,18.0,2.0,64.9,6.4,46111.0,2725.84,1.0,-1.0133,238328.0
623,1645.3,3.0,2.0,40.0,4.54,17.0,2.0,,6.1,50051.0,2593.93,1.0,0.7894,203973.0
315,1370.1,2.0,2.0,2.0,26.55,18.0,,50.0,5.0,49383.0,1959.46,1.0,0.3562,125502.0
8,2366.3,3.0,1.0,20.0,15.16,16.0,0.0,58.7,6.6,78253.0,3465.31,1.0,0.6082,290968.0
538,1193.0,2.0,2.0,43.0,2.17,5.0,1.0,35.7,7.2,85346.0,1370.81,1.0,-0.6682,146125.0
668,,2.0,2.0,30.0,10.92,17.0,2.0,-999.0,7.9,63202.0,2791.48,1.0,0.0121,208325.0
319,1097.7,1.0,1.0,40.0,15.98,15.0,1.0,70.2,,63692.0,1521.83,1.0,-1.1958,139480.0
311,1446.1,2.0,1.0,20.0,13.7,12.0,1.0,9.4,,86762.0,2595.0,1.0,-0.6432,222370.0
701,1364.0,2.0,1.0,56.0,17.47,13.0,2.0,54.7,,98265.0,2293.68,1.0,0.2418,158266.0
302,1798.1,3.0,2.0,45.0,12.7,9.0,0.0,56.8,5.4,64424.0,2938.89,1.0,-1.3704,204400.0
405,,3.0,2.0,12.0,5.15,7.0,1.0,42.0,7.4,35911.0,3011.42,1.0,1.5258,258084.0
892,,2.0,2.0,11.0,16.15,12.0,1.0,73.6,6.9,13781.0,1377.09,1.0,1.7133,105892.0
870,1342.3,1.0,1.0,24.0,11.01,14.0,0.0,,4.2,29481.0,2102.72,1.0,-2.7701,120285.0
533,1606.6,3.0,1.0,9.0,2.05,13.0,2.0,49.2,8.3,48933.0,2449.72,1.0,-0.5042,251692.0
969,1735.9,2.0,1.0,9.0,7.76,20.0,1.0,44.4,5.5,50791.0,2962.76,1.0,-0.0865,224202.0
522,1141.6,2.0,1.0,18.0,2.53,1.0,1.0,44.7,8.5,44132.0,1978.48,1.0,-0.0607,169766.0
87,1474.3,3.0,2.0,8.0,5.78,10.0,3.0,44.9,7.0,48302.0,2637.86,1.0,0.2048,243819.0
961,2834.2,4.0,3.0,50.0,27.59,15.0,0.0,77.2,,28475.0,3445.65,1.0,0.2899,285124.0
62,1258.7,2.0,2.0,29.0,3.62,23.0,2.0,48.9,5.0,80188.0,2380.24,1.0,-0.7619,177370.0
453,1456.0,1.0,1.0,0.0,7.51,1.0,0.0,28.3,5.0,66380.0,2758.64,1.0,-0.706,199487.0
837,1051.0,2.0,2.0,42.0,26.7,12.0,3.0,43.7,,,1712.8,1.0,1.1478,127269.0
512,1432.5,4.0,3.0,5.0,10.95,9.0,3.0,43.7,7.3,88811.0,1693.36,1.0,1.4315,
631,1586.8,2.0,2.0,35.0,8.06,23.0,1.0,54.1,9.1,33567.0,2349.29,1.0,0.1744,196775.0
189,1692.4,2.0,2.0,58.0,20.16,20.0,0.0,-999.0,4.2,27672.0,1887.45,1.0,-0.1018,138511.0
163,2422.5,4.0,3.0,19.0,11.29,11.0,1.0,34.7,5.6,31737.0,2930.85,1.0,-0.582,268905.0
243,1438.2,2.0,2.0,25.0,5.11,23.0,1.0,35.1,8.4,53946.0,2390.28,1.0,-0.4936,200901.0
716,1313.6,2.0,1.0,,19.11,4.0,3.0,81.2,6.0,75878.0,2568.55,1.0,-0.124,148184.0
532,1221.6,1.0,1.0,5.0,5.91,8.0,0.0,53.7,6.9,83984.0,2596.78,1.0,1.4577,202847.0
933,1007.0,1.0,1.0,31.0,17.96,19.0,0.0,62.8,5.0,61785.0,1455.68,1.0,-0.7808,126503.0
358,1459.6,3.0,3.0,40.0,17.72,19.0,2.0,48.1,2.4,,1270.31,1.0,-0.6839,144270.0
885,,3.0,2.0,42.0,5.19,7.0,0.0,67.0,8.8,79121.0,2387.74,1.0,-0.8825,193493.0
824,1182.7,3.0,2.0,,14.79,11.0,2.0,62.9,,26026.0,1513.38,1.0,0.0781,151541.0
97,942.2,1.0,2.0,,7.61,9.0,1.0,,6.6,69187.0,1190.72,1.0,-0.5229,99597.0
245,1337.1,3.0,2.0,13.0,10.55,3.0,0.0,58.1,4.4,70092.0,1638.71,1.0,-2.9432,178950.0
114,1439.8,2.0,1.0,6.0,16.58,24.0,2.0,35.6,5.5,145041.0,3292.87,1.0,-0.9734,235389.0
904,1371.0,2.0,1.0,8.0,4.85,22.0,2.0,58.9,5.5,,2630.87,1.0,0.7809,211605.0
417,3597.3,6.0,5.0,2.0,19.22,14.0,1.0,50.6,5.0,48112.0,4515.44,1.0,-0.086,400633.0
427,1665.8,4.0,2.0,28.0,7.39,13.0,2.0,64.7,6.0,50772.0,3028.81,1.0,-0.0697,257731.0
786,715.6,2.0,2.0,21.0,11.45,16.0,0.0,75.6,6.1,29034.0,1099.89,1.0,-0.0243,99688.0
835,1249.5,2.0,1.0,2.0,17.33,1.0,1.0,55.2,,118042.0,685.59,1.0,0.253,150067.0
417,3597.3,6.0,5.0,2.0,19.22,14.0,1.0,50.6,5.0,48112.0,4515.44,1.0,-0.086,400633.0
986,1408.7,3.0,2.0,50.0,3.94,11.0,2.0,52.4,6.8,44495.0,2422.71,1.0,1.3655,177427.0
678,1135.2,2.0,2.0,51.0,15.31,7.0,0.0,75.3,7.6,28338.0,1154.97,1.0,-0.573,121795.0
164,889.9,1.0,1.0,26.0,11.03,12.0,0.0,42.9,9.5,39110.0,1290.87,1.0,1.0915,120708.0
392,1314.6,1.0,1.0,25.0,5.65,17.0,1.0,-999.0,7.1,27661.0,1993.01,1.0,-1.0712,133832.0
814,1591.8,2.0,1.0,33.0,12.61,22.0,1.0,62.7,,49532.0,1138.08,1.0,0.381,158244.0
755,1271.1,1.0,1.0,31.0,6.64,21.0,1.0,35.8,5.5,37149.0,1431.26,1.0,-0.0443,164298.0
287,1477.4,3.0,2.0,41.0,6.44,18.0,0.0,51.5,8.1,75775.0,2306.82,1.0,-0.6906,186463.0
506,1286.2,3.0,2.0,53.0,12.81,8.0,2.0,42.5,6.3,62811.0,2044.52,1.0,1.0879,133438.0
265,1027.6,1.0,2.0,37.0,5.27,15.0,2.0,41.7,7.7,35460.0,1452.76,1.0,-0.6665,137847.0
283,1347.1,3.0,2.0,29.0,5.25,5.0,2.0,43.7,6.3,67012.0,2174.72,1.0,0.1769,179973.0
962,2684.2,4.0,4.0,19.0,6.94,9.0,0.0,37.1,8.5,28458.0,4250.08,1.0,0.7979,
294,2040.4,3.0,2.0,53.0,17.74,11.0,3.0,22.8,2.9,,2402.69,1.0,-0.5303,185538.0
207,991.5,2.0,,36.0,4.76,11.0,0.0,,7.5,22349.0,1446.92,1.0,-1.6502,122861.0
233,1676.8,4.0,3.0,48.0,10.78,2.0,1.0,42.6,5.9,67666.0,2294.78,1.0,-0.5673,232521.0
942,1900.6,4.0,3.0,35.0,10.74,3.0,1.0,2.9,6.9,,2104.43,1.0,0.3937,248425.0
770,1167.7,3.0,2.0,2.0,10.85,6.0,0.0,30.6,6.6,98819.0,2904.05,1.0,0.6597,186523.0
937,1305.6,2.0,2.0,30.0,20.7,2.0,0.0,58.0,3.6,124885.0,1576.83,1.0,-2.1732,164655.0
401,1574.0,2.0,1.0,16.0,15.91,12.0,3.0,53.5,7.7,,2341.41,1.0,0.1792,187922.0
914,1169.8,2.0,2.0,19.0,7.69,19.0,3.0,60.3,6.8,62205.0,2728.99,1.0,1.8844,172756.0
684,1084.1,2.0,1.0,16.0,27.1,9.0,2.0,63.8,3.3,38497.0,1803.73,1.0,2.123,67754.0
857,2221.1,4.0,2.0,50.0,12.8,13.0,1.0,37.6,6.9,52246.0,3095.71,1.0,0.2022,289596.0
158,1116.1,1.0,1.0,0.0,19.05,24.0,1.0,,6.6,81067.0,1454.18,1.0,-0.7538,166172.0
808,,4.0,,0.0,21.32,4.0,1.0,62.3,6.6,49572.0,3167.6,1.0,-1.3198,
655,1157.7,2.0,2.0,26.0,15.4,22.0,2.0,44.8,6.2,47971.0,1544.94,1.0,-0.386,173624.0
492,1057.4,2.0,2.0,,8.09,12.0,2.0,43.2,8.0,72356.0,2146.22,1.0,-0.0775,160586.0
769,2550.1,4.0,4.0,51.0,12.69,23.0,1.0,71.4,6.2,30912.0,3766.38,1.0,-2.3576,280477.0
850,1085.1,3.0,2.0,,19.18,18.0,2.0,62.0,4.5,47321.0,1350.95,1.0,-0.3302,
340,2523.8,5.0,4.0,7.0,17.29,15.0,2.0,58.5,6.2,46825.0,4377.84,1.0,-0.1756,294417.0
743,821.4,1.0,1.0,59.0,9.19,3.0,2.0,73.4,7.4,54911.0,1096.82,1.0,0.8527,103284.0
378,1126.9,1.0,1.0,56.0,9.01,9.0,2.0,70.2,7.0,46182.0,2491.86,1.0,0.6921,130436.0
402,1698.0,3.0,3.0,15.0,6.86,17.0,2.0,20.5,8.4,36603.0,2525.52,1.0,-0.2362,207282.0
448,1367.1,3.0,1.0,17.0,3.34,13.0,2.0,8.1,8.8,80645.0,2947.31,1.0,-0.3712,236509.0
827,1460.5,3.0,1.0,46.0,15.89,1.0,2.0,72.3,4.7,61861.0,1744.1,1.0,-0.4466,158441.0
157,913.7,3.0,3.0,26.0,13.3,6.0,1.0,71.0,7.3,43559.0,2183.5,1.0,2.037,152802.0
387,2163.9,4.0,3.0,21.0,4.11,11.0,2.0,29.4,7.8,57289.0,3689.61,1.0,1.3822,299480.0
180,1462.9,3.0,2.0,40.0,20.5,21.0,1.0,49.4,5.7,36556.0,317.96,1.0,-0.5077,116705.0
665,3240.6,5.0,3.0,8.0,27.55,20.0,2.0,51.1,5.5,67927.0,4038.22,1.0,1.9768,369058.0
664,2261.8,4.0,2.0,22.0,15.95,18.0,0.0,63.9,,49327.0,2172.91,1.0,-0.0346,241601.0
79,1356.2,3.0,2.0,13.0,6.69,24.0,2.0,62.7,,41354.0,2257.36,1.0,0.9282,193700.0
805,1846.6,2.0,2.0,44.0,23.82,1.0,1.0,48.3,4.3,24955.0,1669.21,1.0,-0.1439,131462.0
653,1097.8,3.0,2.0,55.0,14.52,23.0,2.0,41.2,5.9,36269.0,1174.29,1.0,-1.8432,137223.0
908,2544.6,4.0,3.0,7.0,10.32,6.0,1.0,54.1,7.2,36822.0,3725.89,1.0,0.0277,304431.0
922,1890.7,3.0,2.0,51.0,4.62,18.0,1.0,10.7,3.9,42716.0,3625.39,1.0,-0.2809,243534.0
796,1073.0,2.0,1.0,22.0,21.88,12.0,1.0,47.0,5.0,46346.0,1802.88,1.0,0.1369,120415.0
93,1314.3,2.0,1.0,8.0,8.37,20.0,2.0,37.9,6.4,63495.0,1863.71,1.0,0.5484,191846.0
695,1296.8,1.0,1.0,37.0,5.43,21.0,1.0,33.1,5.6,99363.0,1919.27,1.0,-0.5562,176612.0
320,2017.5,4.0,3.0,,24.57,18.0,1.0,57.4,6.1,,2280.7,1.0,0.3625,236638.0
644,868.8,3.0,2.0,30.0,6.48,13.0,,38.5,,,1507.52,1.0,-0.8255,148615.0
710,1880.9,4.0,2.0,48.0,11.88,3.0,0.0,59.1,6.6,57739.0,2295.11,1.0,1.048,202188.0
485,2886.7,4.0,3.0,16.0,12.47,17.0,1.0,68.4,4.0,58387.0,4497.18,1.0,0.7298,325272.0
696,3591.4,6.0,,,9.61,11.0,1.0,59.6,4.2,42254.0,4713.84,1.0,-0.0247,357433.0
199,1262.1,2.0,1.0,3.0,8.82,5.0,0.0,42.9,6.7,36325.0,1929.41,1.0,0.4142,169683.0
105,1106.4,2.0,1.0,57.0,4.68,3.0,1.0,50.0,7.4,45167.0,2070.19,1.0,-0.1388,129636.0
525,1830.1,4.0,,30.0,17.98,15.0,2.0,51.1,5.5,56415.0,3070.88,1.0,-0.224,243105.0
712,1850.5,4.0,2.0,15.0,10.82,13.0,2.0,67.7,7.1,64430.0,3952.72,1.0,1.871,270873.0
621,2202.3,3.0,2.0,39.0,14.47,9.0,2.0,49.6,6.6,,3403.14,1.0,0.3649,263081.0
910,2141.7,3.0,2.0,54.0,12.61,1.0,1.0,45.4,3.9,51098.0,2227.71,1.0,0.8744,239783.0
868,1247.4,4.0,4.0,37.0,25.91,21.0,1.0,,4.3,26714.0,1602.47,1.0,1.6818,155443.0
439,866.7,1.0,1.0,16.0,400.0,11.0,1.0,48.0,6.7,,2462.19,1.0,-0.0069,150460.0
955,2254.4,3.0,2.0,16.0,7.23,3.0,2.0,64.1,8.5,37120.0,2709.34,1.0,-1.6396,281299.0
134,864.5,1.0,1.0,54.0,2.26,19.0,0.0,63.1,8.2,81425.0,920.33,1.0,0.6438,91795.0
119,2080.2,4.0,3.0,31.0,10.79,23.0,3.0,43.7,5.5,,2247.69,1.0,1.8198,217570.0
647,1759.2,3.0,1.0,-10.0,13.48,7.0,2.0,73.2,6.7,41595.0,2345.32,1.0,0.8107,212040.0
542,1560.6,4.0,2.0,,9.0,5.0,1.0,,6.5,25222.0,3158.61,1.0,1.4503,242308.0
408,1962.4,3.0,2.0,58.0,13.58,12.0,1.0,48.4,6.9,66973.0,2951.62,1.0,-0.8249,237464.0
789,1179.5,3.0,3.0,22.0,7.66,16.0,,70.9,3.8,52075.0,2038.52,1.0,0.9257,149771.0
6,1046.2,3.0,2.0,33.0,13.17,10.0,3.0,48.1,6.1,,384.29,1.0,1.5822,101824.0
279,1615.9,4.0,3.0,8.0,12.17,19.0,0.0,48.3,7.5,34091.0,2264.42,1.0,0.1188,212431.0
681,1838.5,2.0,1.0,2.0,8.47,6.0,2.0,45.6,7.3,56723.0,3367.14,1.0,-0.2202,281487.0
316,1538.2,3.0,3.0,46.0,16.53,21.0,1.0,56.2,7.2,66488.0,2270.95,1.0,0.2167,193247.0
116,1023.4,2.0,2.0,37.0,24.15,13.0,3.0,61.9,4.9,,996.32,1.0,2.0646,93015.0
751,1451.5,3.0,2.0,22.0,15.22,4.0,1.0,48.1,4.9,51171.0,1572.18,1.0,0.4881,175241.0
588,1717.9,3.0,3.0,,19.0,16.0,3.0,66.2,4.2,50129.0,2279.68,1.0,1.3877,183573.0
838,1058.8,2.0,1.0,17.0,9.97,13.0,0.0,31.4,5.0,27627.0,1533.76,1.0,0.5664,117478.0
815,920.1,3.0,2.0,2.0,3.8,21.0,1.0,49.2,8.0,74448.0,2343.02,1.0,-0.3951,185724.0
334,1655.2,3.0,,,10.96,2.0,1.0,40.7,6.6,64663.0,2864.76,1.0,0.5467,199131.0
209,1970.2,4.0,3.0,9.0,17.11,14.0,1.0,28.5,4.5,48268.0,2458.66,1.0,-0.8742,246137.0
719,1142.0,2.0,1.0,33.0,12.76,7.0,2.0,-999.0,,44360.0,1503.43,1.0,0.3654,133119.0
586,952.1,2.0,1.0,11.0,8.68,5.0,0.0,41.5,99.0,42947.0,1489.87,1.0,0.3587,110278.0
9,1246.0,2.0,1.0,50.0,5.42,7.0,1.0,37.7,5.6,120071.0,3334.53,1.0,2.0014,193445.0
223,832.8,2.0,2.0,59.0,21.87,21.0,1.0,76.4,3.2,,645.21,1.0,-0.8155,30000.0
558,1611.7,2.0,1.0,49.0,2.5,12.0,2.0,57.0,8.2,39028.0,1542.28,1.0,-2.2581,165505.0
469,996.9,3.0,1.0,16.0,15.33,3.0,1.0,74.6,4.8,45218.0,1411.39,1.0,-0.6452,141906.0
263,1796.1,2.0,1.0,18.0,19.29,8.0,3.0,71.6,5.1,56285.0,2595.99,1.0,0.3003,205696.0
540,716.0,1.0,1.0,46.0,7.03,3.0,3.0,-999.0,7.2,,1143.59,1.0,1.3238,109994.0
516,2325.5,3.0,3.0,5.0,2.68,14.0,0.0,27.6,5.5,,2750.49,1.0,0.9098,285269.0
529,1147.6,2.0,3.0,40.0,6.9,22.0,0.0,-999.0,7.2,32605.0,2574.89,1.0,0.819,213664.0
240,891.2,1.0,1.0,37.0,16.06,16.0,1.0,54.3,6.0,47661.0,2686.58,1.0,-0.1057,128156.0
554,1269.4,2.0,2.0,10.0,10.87,13.0,2.0,71.4,3.5,34502.0,1985.65,1.0,-1.8962,145025.0
912,2423.6,5.0,3.0,9.0,7.91,19.0,0.0,50.2,8.6,,3344.47,1.0,-1.568,306284.0
273,2704.5,4.0,2.0,21.0,3.37,4.0,,51.3,8.4,28364.0,4499.71,1.0,-1.1835,373182.0
587,1160.9,2.0,1.0,5.0,4.91,5.0,2.0,50.3,5.2,97751.0,2910.73,1.0,2.417,207385.0
458,1077.9,3.0,3.0,0.0,15.95,13.0,1.0,61.3,5.9,25527.0,3140.84,1.0,0.3895,213997.0
420,1180.2,3.0,2.0,48.0,19.18,24.0,2.0,42.0,4.3,27200.0,90.05,1.0,-0.714,69521.0
828,2085.1,3.0,2.0,46.0,4.9,6.0,1.0,49.7,,32935.0,2990.49,1.0,-0.3938,258589.0
80,2523.1,3.0,2.0,3.0,19.88,23.0,1.0,,4.3,41307.0,3380.64,1.0,0.5917,254816.0
677,1868.5,4.0,3.0,38.0,4.95,20.0,3.0,26.4,9.3,76978.0,3081.11,1.0,-1.8044,265381.0
60,1168.5,3.0,1.0,49.0,3.78,23.0,0.0,19.9,7.6,65639.0,1008.89,1.0,-1.0718,151737.0
790,1685.9,2.0,2.0,54.0,12.93,7.0,3.0,41.5,5.7,37010.0,2382.8,1.0,1.0055,208419.0
431,1454.9,2.0,1.0,5.0,3.17,7.0,1.0,34.2,,62607.0,2921.41,1.0,-1.9565,238192.0
203,1759.7,3.0,2.0,8.0,20.9,14.0,2.0,77.0,,24542.0,2176.84,1.0,-0.6108,184315.0
184,1331.9,2.0,,15.0,6.32,21.0,1.0,41.9,5.6,32911.0,2550.35,1.0,0.6139,
321,1130.4,3.0,2.0,35.0,6.13,11.0,2.0,49.6,,40568.0,2127.43,1.0,2.2152,144271.0
178,1239.6,1.0,1.0,25.0,8.07,13.0,2.0,50.2,6.2,45978.0,2487.66,1.0,-0.3938,188513.0
915,1631.1,3.0,1.0,8.0,4.66,17.0,2.0,54.5,7.5,58523.0,2059.81,1.0,0.8179,234338.0
606,1302.7,3.0,,41.0,5.86,14.0,1.0,42.7,8.5,97661.0,1660.47,1.0,2.0077,198719.0
169,,2.0,1.0,10.0,2.56,2.0,2.0,55.5,7.6,45476.0,3209.21,1.0,-0.693,227778.0
202,2001.4,3.0,,14.0,27.71,20.0,2.0,38.8,5.0,70572.0,2658.06,1.0,-0.1573,211955.0
83,1674.7,3.0,3.0,12.0,8.97,23.0,1.0,40.0,5.8,56227.0,2076.6,1.0,0.3855,230524.0
267,1165.0,2.0,2.0,12.0,12.67,15.0,2.0,38.7,6.2,71518.0,1719.54,1.0,0.7195,136147.0
159,2641.0,4.0,4.0,4.0,9.62,2.0,1.0,46.3,7.3,39546.0,4408.21,1.0,0.0688,346812.0
86,1002.3,2.0,2.0,22.0,22.86,3.0,1.0,50.8,4.0,22036.0,1021.34,1.0,1.404,96515.0
704,,4.0,3.0,52.0,16.33,17.0,3.0,,5.0,50745.0,2199.85,1.0,-0.2413,182975.0
154,1484.4,2.0,2.0,2.0,6.03,19.0,1.0,39.9,7.8,52375.0,1870.34,1.0,0.2165,181925.0
155,1298.1,2.0,2.0,8.0,3.04,21.0,1.0,49.1,,,1827.33,1.0,0.3562,213626.0
643,1175.5,2.0,2.0,,5.5,4.0,2.0,46.9,,58881.0,3014.54,1.0,-2.0234,162615.0
406,968.1,1.0,,,5.34,14.0,1.0,19.6,7.5,12186.0,2062.14,1.0,-0.9405,158499.0
634,2475.7,4.0,3.0,47.0,7.1,9.0,2.0,51.1,9.5,,3431.21,1.0,-0.962,294186.0
457,2070.3,5.0,,43.0,9.73,4.0,0.0,48.6,3.6,68902.0,3091.86,1.0,1.224,242587.0
523,1450.2,3.0,3.0,16.0,8.15,21.0,2.0,54.7,7.6,,2420.09,1.0,0.8565,239179.0
599,1680.4,3.0,1.0,37.0,7.17,2.0,2.0,50.3,5.6,58701.0,1973.13,1.0,0.782,196709.0
548,1220.0,1.0,1.0,34.0,10.15,10.0,3.0,54.7,6.9,66293.0,2258.61,1.0,1.4965,202559.0
965,1867.8,3.0,2.0,6.0,19.22,18.0,1.0,66.8,5.1,80270.0,3051.48,1.0,-0.925,225564.0
726,,4.0,3.0,0.0,6.23,19.0,2.0,64.8,8.0,32310.0,3427.85,1.0,0.1045,296121.0
382,989.3,1.0,1.0,50.0,2.41,13.0,0.0,46.6,5.8,,1619.39,1.0,-0.4136,86184.0
541,1528.5,3.0,2.0,16.0,16.42,20.0,3.0,56.7,5.7,80583.0,1890.52,1.0,1.8784,181463.0
747,2351.1,3.0,1.0,28.0,20.87,3.0,0.0,,6.0,88173.0,3257.96,1.0,0.2221,266264.0
304,1208.6,2.0,1.0,9.0,9.3,19.0,2.0,-999.0,,21609.0,1885.01,1.0,-0.4093,200288.0
118,1096.3,2.0,2.0,32.0,12.05,11.0,2.0,32.7,8.2,71659.0,1610.7,1.0,0.271,151894.0
620,2684.5,4.0,3.0,37.0,4.19,10.0,2.0,40.2,8.7,51376.0,3978.7,1.0,-0.5437,341924.0
711,728.1,1.0,1.0,15.0,15.23,19.0,1.0,48.3,6.4,32067.0,117.07,1.0,0.4008,
638,1949.4,4.0,2.0,50.0,12.34,17.0,1.0,46.3,5.3,54780.0,2709.6,1.0,-1.3693,230562.0
794,865.5,1.0,1.0,41.0,12.53,23.0,1.0,48.9,5.0,40903.0,1088.09,1.0,-0.2366,76618.0
509,1289.8,4.0,,18.0,19.02,4.0,1.0,58.7,,42722.0,1715.19,1.0,-1.6729,161404.0
739,1326.4,2.0,2.0,,5.0,17.0,0.0,34.1,,20344.0,1794.29,1.0,-0.1919,177401.0
991,2144.0,3.0,2.0,27.0,14.2,18.0,0.0,63.4,3.8,51420.0,2155.43,1.0,-0.6939,199080.0
354,1377.7,3.0,1.0,38.0,8.58,16.0,1.0,55.1,5.2,34027.0,1024.23,1.0,0.4468,147361.0
30,1540.2,2.0,1.0,,11.62,14.0,1.0,48.6,7.2,87547.0,1475.88,1.0,2.0954,159293.0
436,942.6,1.0,1.0,25.0,22.35,11.0,0.0,62.6,7.8,,1466.92,1.0,0.0936,86002.0
524,1027.5,1.0,1.0,10.0,1.66,10.0,1.0,32.3,6.1,15000000.0,1465.55,1.0,0.5572,133325.0
143,1454.0,3.0,3.0,19.0,8.22,4.0,3.0,42.5,,37400.0,2689.49,1.0,0.8063,233073.0
909,932.9,1.0,1.0,18.0,5.09,9.0,1.0,36.0,,,1123.61,1.0,-1.2531,112779.0
851,1846.3,3.0,3.0,56.0,26.68,2.0,3.0,57.3,3.1,18096.0,2015.49,1.0,-1.2929,5000000.0
286,1664.1,3.0,3.0,14.0,8.17,18.0,1.0,44.3,,83323.0,3273.61,1.0,0.3157,234707.0
738,1424.6,2.0,1.0,14.0,6.97,5.0,,43.9,5.6,,2865.36,1.0,0.8469,217463.0
68,2210.2,3.0,1.0,54.0,8.58,1.0,,33.4,5.6,33988.0,3316.76,1.0,-0.2909,219581.0
779,2412.3,3.0,2.0,38.0,13.74,13.0,0.0,63.1,5.4,64136.0,2766.13,1.0,0.3722,237282.0
484,1506.3,2.0,1.0,24.0,8.23,3.0,2.0,39.6,7.6,,1773.81,1.0,0.3161,166372.0
339,-300.0,4.0,3.0,52.0,3.82,2.0,3.0,41.2,8.6,55376.0,3375.08,1.0,0.19,294985.0
376,3262.4,6.0,3.0,17.0,9.76,5.0,2.0,83.8,7.3,53609.0,4488.59,1.0,0.7567,377806.0
299,1378.5,2.0,2.0,24.0,5.43,1.0,3.0,38.5,7.8,58170.0,3041.16,1.0,-1.9711,218269.0
249,1161.9,2.0,1.0,40.0,3.9,7.0,3.0,26.0,,31001.0,2304.12,1.0,-1.7235,164902.0
830,1040.4,2.0,2.0,12.0,5.61,12.0,2.0,84.9,7.0,70292.0,1098.34,1.0,0.4462,141106.0
264,1596.4,3.0,2.0,38.0,21.27,23.0,1.0,59.1,,56464.0,1345.65,1.0,2.0191,126480.0
474,1136.3,3.0,1.0,35.0,23.74,12.0,1.0,50.5,3.4,84565.0,2090.77,1.0,-2.0516,147676.0
306,2594.0,3.0,2.0,39.0,30.02,22.0,2.0,62.5,3.6,36262.0,3375.93,1.0,-0.0315,261883.0
20,942.6,1.0,1.0,54.0,14.02,8.0,1.0,37.9,5.9,36092.0,450.06,1.0,-0.3419,55750.0
836,1465.0,2.0,1.0,49.0,9.44,12.0,0.0,49.0,6.1,,2542.89,1.0,-0.111,174609.0
122,1203.7,2.0,1.0,20.0,3.82,23.0,0.0,50.9,7.2,,1671.55,1.0,0.9301,153976.0
546,1051.8,1.0,1.0,56.0,13.99,11.0,0.0,61.6,7.3,63830.0,1326.34,1.0,1.8147,103164.0
137,1446.6,2.0,2.0,2.0,8.42,16.0,3.0,65.8,6.1,48171.0,2720.8,1.0,1.4684,226045.0
44,1520.3,1.0,1.0,33.0,16.21,7.0,0.0,74.9,5.6,41212.0,2451.69,1.0,1.8132,141978.0
715,1879.7,4.0,4.0,41.0,8.33,20.0,2.0,49.1,7.5,69683.0,3750.15,1.0,-0.7747,276405.0
597,1701.0,1.0,1.0,5.0,13.48,10.0,2.0,55.0,6.6,26804.0,2487.61,1.0,-1.8019,168418.0
985,2117.6,4.0,3.0,35.0,16.31,8.0,1.0,70.9,,22969.0,2587.84,1.0,1.3072,216542.0
626,1459.6,3.0,2.0,21.0,14.32,17.0,1.0,44.6,,96998.0,2011.03,1.0,0.4529,211312.0
983,1466.5,2.0,1.0,7.0,7.25,20.0,1.0,63.5,8.3,62348.0,2890.36,1.0,1.0073,221865.0
556,826.7,1.0,1.0,44.0,6.8,16.0,2.0,48.1,8.3,44338.0,819.29,1.0,-0.2429,113585.0
997,2121.3,3.0,2.0,24.0,6.14,5.0,,58.7,,89043.0,3742.41,1.0,-2.1133,293709.0
848,1798.2,3.0,2.0,7.0,7.58,14.0,,61.1,6.7,29210.0,2491.0,1.0,1.765,217426.0
920,701.4,1.0,1.0,,21.79,16.0,1.0,73.6,2.7,62550.0,1115.59,1.0,-1.2168,93027.0
895,1055.3,1.0,1.0,,18.89,15.0,,68.0,5.2,49042.0,1503.33,1.0,0.9887,82551.0
889,1343.1,2.0,,4.0,8.61,2.0,1.0,37.1,,60747.0,2071.22,1.0,-0.9105,171164.0
227,1047.1,1.0,1.0,,4.15,1.0,2.0,38.2,8.3,37190.0,2307.72,1.0,1.1851,156558.0
471,1115.9,2.0,2.0,22.0,3.67,21.0,1.0,45.5,6.4,,1415.2,1.0,-1.2585,166999.0
292,2563.6,3.0,,48.0,18.23,6.0,1.0,62.9,6.0,94789.0,3862.77,1.0,0.6426,248292.0
699,1899.2,2.0,1.0,10.0,20.76,3.0,2.0,-999.0,5.2,31872.0,1882.9,1.0,0.922,196793.0
624,1949.7,3.0,1.0,34.0,13.59,2.0,2.0,50.8,5.7,34598.0,2095.23,1.0,0.8418,234743.0
34,1115.3,2.0,1.0,50.0,8.11,1.0,,-999.0,7.3,51237.0,2022.61,1.0,-1.1463,124043.0
686,1034.3,1.0,,32.0,18.15,1.0,1.0,83.8,6.6,28073.0,579.84,1.0,0.6638,100380.0
1,1480.9,3.0,,45.0,180.0,4.0,2.0,55.8,,63932.0,1702.61,1.0,0.0273,188318.0
136,25000.0,3.0,,2.0,13.37,12.0,0.0,66.4,5.0,52001.0,3980.97,1.0,0.4261,261928.0
466,868.2,2.0,1.0,14.0,19.61,17.0,1.0,77.9,,46730.0,1731.2,1.0,-0.6611,121778.0
809,1698.0,3.0,3.0,52.0,12.23,1.0,0.0,37.9,6.4,43416.0,2224.49,1.0,0.3273,178197.0
359,1591.3,3.0,2.0,55.0,10.99,4.0,0.0,50.8,8.4,39725.0,1949.56,1.0,0.5778,161457.0
944,-1.0,3.0,3.0,16.0,8.58,20.0,1.0,53.7,7.6,46949.0,2279.71,1.0,0.9024,241436.0
994,1399.3,4.0,3.0,49.0,8.04,9.0,1.0,62.7,,37012.0,1989.4,1.0,-0.1313,155521.0
226,1706.6,4.0,3.0,49.0,3.73,7.0,3.0,34.1,6.2,47088.0,2906.69,1.0,-0.844,237950.0
327,1479.2,2.0,1.0,39.0,22.42,16.0,1.0,50.7,5.1,,1730.34,1.0,1.4504,135883.0
514,1446.4,3.0,1.0,25.0,17.69,23.0,,59.7,3.6,16001.0,2076.72,1.0,-0.8574,125180.0
191,912.6,2.0,1.0,28.0,13.38,6.0,1.0,62.9,5.7,58274.0,1481.13,1.0,2.5972,120339.0
980,1076.0,1.0,1.0,19.0,7.04,3.0,3.0,60.6,6.4,102452.0,930.18,1.0,-0.3085,153548.0
798,1724.0,3.0,2.0,10.0,8.84,24.0,1.0,27.9,6.9,74833.0,3015.61,1.0,0.8275,266415.0
878,3083.1,6.0,5.0,,11.96,21.0,2.0,77.2,7.6,83728.0,5130.02,1.0,2.2077,400972.0
244,1522.9,4.0,4.0,11.0,12.17,4.0,3.0,38.3,7.6,54997.0,2226.11,1.0,0.8809,223209.0
267,1165.0,2.0,2.0,12.0,12.67,15.0,2.0,38.7,6.2,71518.0,1719.54,1.0,0.7195,136147.0
787,1300.4,1.0,1.0,16.0,15.69,1.0,0.0,46.2,7.1,36363.0,1528.13,1.0,0.3984,109150.0
891,1413.4,3.0,2.0,17.0,7.12,11.0,0.0,53.4,6.8,68413.0,2497.61,1.0,1.5809,189260.0
49,,2.0,1.0,15.0,9.05,1.0,0.0,50.9,6.6,41202.0,1246.64,1.0,-0.6939,112490.0
205,2857.4,4.0,2.0,,9.76,24.0,2.0,75.2,6.5,37539.0,2693.64,1.0,-0.1399,295830.0
103,1567.8,3.0,3.0,1.0,7.19,9.0,2.0,58.8,5.4,50415.0,1962.6,1.0,0.1185,244937.0
67,2027.5,4.0,2.0,2.0,17.76,7.0,2.0,80.7,5.3,23894.0,2439.8,1.0,-0.1734,223900.0
810,1708.6,4.0,2.0,3.0,14.49,21.0,1.0,55.0,6.9,57558.0,2696.1,1.0,0.5504,231915.0
23,949.9,1.0,2.0,27.0,13.06,4.0,2.0,43.4,6.9,,1471.39,1.0,-2.363,132179.0
979,1687.3,3.0,2.0,8.0,8.38,6.0,2.0,34.3,6.5,71472.0,3283.97,1.0,0.9079,236328.0
464,1449.9,2.0,1.0,23.0,2.25,19.0,2.0,46.9,5.8,48209.0,2333.19,1.0,0.8299,187703.0
511,1437.4,3.0,2.0,10.0,16.87,11.0,1.0,65.9,,,1205.37,1.0,0.2844,154438.0
333,1026.9,3.0,2.0,20.0,25.57,13.0,3.0,,5.3,73780.0,1048.04,1.0,-0.5611,114375.0
351,1097.3,1.0,1.0,32.0,20.66,11.0,2.0,64.0,4.5,17661.0,340.26,1.0,0.6583,72093.0
753,1336.8,2.0,2.0,36.0,6.3,13.0,1.0,66.1,8.2,44406.0,1814.96,1.0,-1.0944,160422.0
254,1504.9,3.0,3.0,22.0,8.68,15.0,2.0,36.6,6.3,55974.0,2387.85,1.0,-0.1986,236961.0
728,1492.1,2.0,1.0,55.0,2.4,15.0,1.0,41.1,6.6,39927.0,1531.44,1.0,0.2636,133907.0
468,1141.2,2.0,1.0,32.0,11.6,4.0,1.0,63.9,5.9,,1293.56,1.0,-0.8142,138910.0
854,1117.9,3.0,2.0,,8.37,23.0,2.0,54.3,6.2,66758.0,2088.08,1.0,-0.6053,190185.0
657,1621.4,3.0,2.0,8.0,9.21,18.0,2.0,50.3,6.9,,2995.21,1.0,0.5006,243603.0
865,1437.0,3.0,1.0,41.0,10.31,12.0,1.0,28.6,7.4,66789.0,2209.81,1.0,0.8367,191694.0
470,1690.5,2.0,1.0,17.0,11.52,3.0,0.0,48.5,7.3,52266.0,1752.14,1.0,-0.5484,160249.0
900,1021.4,2.0,2.0,14.0,11.83,19.0,2.0,62.6,6.3,,1742.01,1.0,-0.663,139246.0
162,1665.8,4.0,3.0,38.0,2.1,20.0,2.0,66.2,8.3,34753.0,2789.75,1.0,-1.2292,222162.0
375,1849.9,3.0,3.0,46.0,22.23,11.0,1.0,59.3,5.0,40582.0,2993.08,1.0,-0.2904,186706.0
600,1042.2,1.0,1.0,54.0,3.49,23.0,0.0,30.7,7.6,54507.0,931.52,1.0,0.358,87604.0
877,2005.7,4.0,3.0,6.0,22.3,14.0,1.0,30.4,5.5,,3000.14,1.0,0.6556,258714.0
871,1488.3,2.0,1.0,33.0,9.88,16.0,1.0,70.8,5.6,44099.0,1974.99,1.0,1.5821,173394.0
65,1208.6,2.0,1.0,16.0,11.5,19.0,2.0,47.3,6.5,,2300.46,1.0,-2.0186,170178.0
421,1567.7,2.0,2.0,32.0,9.09,5.0,1.0,,8.9,64702.0,3358.87,1.0,1.2931,238350.0
723,659.6,1.0,1.0,9.0,9.18,4.0,1.0,60.0,6.6,65591.0,978.19,1.0,-0.7524,82793.0
860,1199.3,2.0,1.0,,9.27,6.0,1.0,50.2,6.4,39227.0,1554.82,1.0,0.3434,144258.0
670,1417.2,2.0,2.0,5.0,15.78,17.0,2.0,33.9,5.8,37555.0,2503.68,1.0,0.3271,210301.0
204,2009.8,3.0,4.0,53.0,7.77,5.0,0.0,-999.0,7.2,51966.0,1852.72,1.0,0.7065,241888.0
527,1615.7,3.0,2.0,29.0,17.74,1.0,0.0,,5.0,37425.0,1804.39,1.0,0.8419,159166.0
625,1225.7,2.0,1.0,48.0,4.86,11.0,1.0,42.2,,83582.0,2116.21,1.0,-0.6646,181670.0
825,,3.0,2.0,10.0,5.39,3.0,1.0,,6.5,,2443.22,1.0,-0.0218,243935.0
916,1915.2,5.0,3.0,,11.26,18.0,2.0,36.9,5.1,76463.0,3379.61,1.0,0.2107,270435.0
948,1515.4,2.0,1.0,56.0,23.94,19.0,1.0,88.1,,26720.0,1960.11,1.0,-2.0697,137227.0
936,939.1,1.0,1.0,24.0,6.21,7.0,2.0,37.9,6.1,42194.0,1305.11,1.0,-1.0126,132063.0
225,1448.8,3.0,3.0,53.0,12.03,11.0,0.0,39.5,6.8,47763.0,2163.16,1.0,-0.817,154958.0
210,1037.7,2.0,1.0,52.0,12.62,19.0,1.0,53.0,3.3,,1010.81,1.0,-1.602,64522.0
689,1142.8,2.0,,52.0,10.26,7.0,,43.2,4.0,61548.0,1330.0,1.0,-0.9978,153685.0
943,1181.3,1.0,1.0,53.0,16.38,15.0,1.0,48.0,5.1,,1095.39,1.0,1.2149,133854.0
498,1015.9,2.0,2.0,49.0,10.53,3.0,1.0,54.1,6.1,57442.0,2004.18,1.0,1.4163,117262.0
307,1767.5,3.0,2.0,27.0,14.64,20.0,0.0,51.3,,23222.0,1987.34,1.0,2.2553,180266.0
683,1762.6,2.0,1.0,33.0,6.78,24.0,1.0,65.5,7.3,,2732.39,1.0,0.8559,198470.0
170,1517.8,2.0,2.0,22.0,14.59,12.0,0.0,58.4,4.9,34162.0,1179.1,1.0,-0.864,168796.0
660,1309.0,1.0,,47.0,5.73,5.0,2.0,18.7,7.2,76883.0,1458.58,1.0,0.6074,173624.0
367,748.9,1.0,1.0,,3.38,12.0,1.0,57.7,8.6,105650.0,1597.23,1.0,0.0369,190159.0
574,610.1,1.0,1.0,54.0,16.17,3.0,1.0,60.5,5.0,50513.0,36.53,1.0,-0.9406,42189.0
355,1595.7,4.0,3.0,55.0,13.47,14.0,3.0,46.0,6.2,59800.0,3197.53,1.0,0.5178,219547.0
958,1108.9,2.0,1.0,24.0,8.31,17.0,1.0,61.0,6.2,39306.0,1460.71,1.0,0.7347,139410.0
414,1294.3,2.0,2.0,46.0,16.13,15.0,2.0,57.5,3.2,48943.0,1100.32,1.0,0.5805,105265.0
231,1585.1,3.0,3.0,53.0,1.98,8.0,2.0,49.6,8.5,29632.0,2764.08,1.0,0.9228,205834.0
47,1999.8,3.0,2.0,7.0,13.95,21.0,1.0,64.0,5.3,45021.0,2752.68,1.0,1.6977,236401.0
501,1339.6,1.0,1.0,22.0,4.45,20.0,1.0,85.9,8.4,32147.0,2032.62,1.0,0.1292,150321.0
241,1260.1,3.0,1.0,0.0,5.73,10.0,,62.4,7.8,42646.0,2246.57,1.0,1.8355,224544.0
400,1125.0,2.0,1.0,28.0,10.48,5.0,2.0,46.9,7.5,28663.0,1588.86,1.0,0.6955,155660.0
627,2032.8,3.0,2.0,52.0,9.33,24.0,2.0,57.8,7.5,46690.0,2039.15,1.0,1.2421,196765.0
248,,2.0,2.0,16.0,19.25,3.0,1.0,49.9,4.4,64388.0,1112.9,1.0,0.4064,108929.0
456,1507.5,1.0,1.0,,17.0,6.0,2.0,41.0,,68452.0,1295.32,1.0,-1.5694,127888.0
206,2488.8,4.0,3.0,,17.06,17.0,,40.2,6.3,39931.0,3394.0,1.0,0.576,293097.0
372,813.6,2.0,1.0,35.0,10.45,9.0,3.0,-999.0,4.8,36823.0,2357.74,1.0,-0.2974,119401.0
109,1391.7,3.0,3.0,18.0,17.88,8.0,2.0,44.5,5.0,34256.0,2079.16,1.0,-1.3592,153725.0
220,871.6,1.0,1.0,13.0,8.05,12.0,2.0,,,,1298.92,1.0,-2.0889,126689.0
291,783.8,1.0,1.0,12.0,15.02,19.0,2.0,32.9,6.1,48081.0,1709.39,1.0,-0.2047,119591.0
2,60000.0,3.0,2.0,24.0,6.24,15.0,0.0,-999.0,8.3,96083.0,2221.16,1.0,0.8557,221656.0
329,1739.4,2.0,1.0,3.0,13.05,1.0,0.0,33.5,3.5,58675.0,2642.56,1.0,-0.5597,229196.0
508,-850.0,2.0,3.0,33.0,8.01,19.0,3.0,32.0,5.6,34651.0,2530.7,1.0,-0.0521,151042.0
947,1246.1,1.0,1.0,53.0,20.39,16.0,1.0,62.6,6.4,,2035.4,1.0,-2.3766,9000000.0
553,1408.7,1.0,1.0,,8.57,23.0,1.0,55.4,5.1,,2037.17,1.0,-0.2839,166569.0
927,1156.0,3.0,2.0,22.0,9.14,7.0,2.0,37.2,6.3,40786.0,1599.89,1.0,-0.3925,132535.0
404,2122.2,2.0,2.0,53.0,7.09,16.0,3.0,43.7,7.1,70576.0,2317.6,1.0,-1.6721,249217.0
537,925.2,2.0,1.0,57.0,15.81,16.0,1.0,46.7,4.7,48501.0,976.42,1.0,-0.2524,95419.0
262,1962.3,4.0,2.0,47.0,11.84,22.0,1.0,34.1,5.2,48485.0,2339.02,1.0,1.2738,229523.0
752,1445.0,3.0,2.0,37.0,11.35,7.0,0.0,25.7,5.9,34676.0,2478.62,1.0,0.7045,162552.0
389,1772.4,2.0,1.0,57.0,8.6,21.0,0.0,,8.0,,1700.18,1.0,-0.377,180070.0
145,1189.0,3.0,2.0,38.0,13.77,14.0,,60.6,6.1,56595.0,2608.46,1.0,1.325,166063.0
441,1179.1,2.0,2.0,50.0,18.11,14.0,0.0,57.8,5.4,55068.0,1853.93,1.0,1.3606,
843,1559.1,2.0,1.0,45.0,33.71,8.0,2.0,67.4,1.2,,1987.87,1.0,1.3482,103306.0
641,1074.6,1.0,1.0,50.0,8.99,8.0,0.0,57.5,,48230.0,1148.75,1.0,-1.5507,91259.0
187,2234.5,4.0,2.0,8.0,3.98,13.0,3.0,60.5,6.8,,3804.81,1.0,-1.2581,287062.0
53,1519.4,3.0,2.0,4.0,10.55,6.0,2.0,25.0,6.4,41527.0,3300.69,1.0,-0.6149,257158.0
356,1642.3,2.0,2.0,45.0,15.8,3.0,0.0,56.3,5.2,36226.0,2154.33,1.0,-0.3881,150851.0
246,2217.4,4.0,2.0,7.0,7.47,1.0,2.0,18.4,6.3,103823.0,3841.78,1.0,1.4101,343587.0
773,2493.9,4.0,4.0,45.0,9.51,12.0,1.0,57.2,,77252.0,3483.39,1.0,-1.6817,299527.0
653,1097.8,3.0,2.0,55.0,14.52,23.0,2.0,41.2,5.9,36269.0,1174.29,1.0,-1.8432,137223.0
435,1033.4,2.0,3.0,56.0,3.72,5.0,2.0,49.8,7.7,53382.0,1856.34,1.0,1.7822,145634.0
791,1651.1,3.0,,46.0,16.79,7.0,2.0,49.9,7.2,63961.0,3365.06,1.0,-1.3229,200667.0
576,878.1,2.0,1.0,35.0,7.57,15.0,1.0,39.5,9.4,42832.0,1915.13,1.0,-0.8544,156300.0
183,1845.5,3.0,3.0,37.0,9.65,8.0,3.0,58.0,7.2,45469.0,3307.8,1.0,0.3585,231819.0
493,60000.0,1.0,1.0,47.0,4.85,12.0,3.0,48.3,7.8,61211.0,1377.83,1.0,-0.1882,112051.0
1000,1108.9,1.0,1.0,56.0,27.12,1.0,1.0,65.9,4.8,,2246.09,1.0,-0.2269,112331.0
718,,2.0,,38.0,13.77,2.0,2.0,38.0,5.2,62948.0,2178.12,1.0,0.6326,235517.0
643,1175.5,2.0,2.0,,5.5,4.0,2.0,46.9,,58881.0,3014.54,1.0,-2.0234,162615.0
59,2449.1,4.0,3.0,20.0,16.55,7.0,2.0,48.8,,15573.0,3609.93,1.0,0.3828,259834.0
444,1234.8,2.0,2.0,55.0,4.73,11.0,2.0,50.6,,,2203.91,1.0,0.0185,159382.0
654,,3.0,3.0,1.0,10.79,12.0,2.0,13.1,4.1,36506.0,3189.95,1.0,-0.497,206178.0
361,1765.6,4.0,1.0,,7.54,18.0,1.0,-999.0,6.7,62581.0,3020.11,1.0,0.9915,214034.0
960,1324.3,3.0,2.0,32.0,9.81,19.0,,55.2,5.0,48811.0,1821.11,1.0,0.5882,161761.0
50,2981.4,4.0,4.0,21.0,18.67,10.0,2.0,46.3,4.3,57398.0,3611.13,1.0,-1.3896,327957.0
313,1290.3,1.0,1.0,21.0,8.4,23.0,1.0,66.3,6.5,,1947.79,1.0,-0.2363,155557.0
721,1198.0,1.0,1.0,,10.83,21.0,2.0,42.9,6.4,33579.0,1386.4,1.0,0.8236,143648.0
138,1345.0,3.0,3.0,13.0,0.93,21.0,1.0,-999.0,7.3,51536.0,3099.3,1.0,0.2886,208877.0
632,2368.8,15.0,3.0,54.0,14.09,12.0,1.0,44.7,5.4,71602.0,2886.04,1.0,1.7489,267834.0
487,858.2,1.0,1.0,16.0,19.27,20.0,1.0,53.6,4.7,39975.0,1194.26,1.0,-0.3795,94978.0
276,1939.3,3.0,1.0,29.0,14.25,5.0,1.0,70.8,6.2,36763.0,2426.97,1.0,0.16,180583.0
934,2300.8,3.0,2.0,9.0,17.42,14.0,1.0,32.2,4.9,33730.0,3730.47,1.0,0.5622,288132.0
396,1384.5,2.0,2.0,19.0,4.95,21.0,1.0,69.6,8.6,50437.0,2130.26,1.0,-0.8807,193236.0
740,1442.9,4.0,3.0,54.0,10.13,9.0,2.0,67.3,6.9,,1934.05,1.0,1.2195,173376.0
992,1313.6,2.0,1.0,28.0,16.23,14.0,3.0,54.2,6.5,29701.0,1227.43,1.0,0.5863,160605.0
130,1929.2,3.0,1.0,,6.27,1.0,,35.5,6.3,39172.0,2827.03,1.0,-0.8995,226733.0
697,2068.3,4.0,4.0,32.0,11.43,2.0,2.0,47.7,6.2,99285.0,3502.36,1.0,-0.0313,313019.0
215,1620.9,3.0,2.0,,18.45,13.0,0.0,81.8,4.8,38706.0,2426.08,1.0,-1.2033,183597.0
275,1258.6,2.0,1.0,38.0,17.63,21.0,2.0,59.1,6.0,63853.0,1902.72,1.0,1.4955,154430.0
13,1535.9,2.0,2.0,26.0,1.69,12.0,2.0,80.8,8.9,48672.0,2624.31,1.0,1.3007,206855.0
633,1464.7,2.0,3.0,58.0,19.32,9.0,,56.1,5.0,56215.0,2163.45,1.0,0.1806,162785.0
893,1469.4,3.0,1.0,37.0,11.95,12.0,2.0,62.1,4.7,22033.0,2217.15,1.0,-0.5061,157817.0
235,3007.3,6.0,4.0,23.0,18.26,3.0,0.0,54.1,5.8,46665.0,4821.34,1.0,-0.7973,336532.0
831,1258.2,1.0,1.0,55.0,11.42,7.0,2.0,51.9,,28746.0,1201.14,1.0,-1.3243,126877.0
478,778.7,1.0,1.0,,8.87,18.0,1.0,57.3,5.4,41728.0,1050.29,1.0,1.0847,79897.0
953,1595.3,3.0,3.0,6.0,9.19,14.0,1.0,46.7,6.3,55879.0,3072.33,1.0,-1.5086,255652.0
971,1440.5,2.0,2.0,,14.72,4.0,0.0,50.1,5.5,49046.0,1636.0,1.0,0.435,160453.0
473,1815.6,2.0,2.0,43.0,5.77,11.0,1.0,42.8,,39802.0,2149.7,1.0,0.2745,207421.0
188,1878.4,3.0,1.0,12.0,9.41,17.0,1.0,44.5,5.7,51156.0,2139.22,1.0,-1.3767,205395.0
239,1473.0,3.0,3.0,49.0,9.15,19.0,1.0,38.0,6.1,63898.0,2287.41,1.0,1.1223,205902.0
957,3277.4,6.0,4.0,49.0,16.29,24.0,2.0,39.2,4.5,44424.0,4689.05,1.0,-1.8996,362414.0
897,1868.1,3.0,4.0,18.0,34.57,19.0,2.0,60.8,1.6,,2156.66,1.0,-1.0631,176234.0
989,1432.7,2.0,1.0,13.0,8.08,15.0,3.0,64.3,5.1,63613.0,1937.62,1.0,-0.8201,150541.0
734,734.5,1.0,1.0,46.0,17.47,9.0,3.0,72.7,4.6,21718.0,-236.13,1.0,0.0374,30862.0
418,1392.1,1.0,2.0,27.0,8.12,6.0,1.0,44.5,7.3,22025.0,1229.6,1.0,-0.6168,130476.0
348,2484.2,3.0,2.0,,9.56,22.0,2.0,40.0,6.8,65483.0,3464.92,1.0,1.055,289245.0
630,1455.4,3.0,1.0,,6.15,10.0,1.0,33.0,6.6,15000000.0,1774.57,1.0,-0.6145,183450.0
761,1361.7,2.0,1.0,,7.7,18.0,1.0,30.9,4.8,114352.0,1881.84,1.0,0.9209,179231.0
242,1920.1,3.0,2.0,3.0,4.81,3.0,1.0,57.5,8.0,25196.0,2698.71,1.0,1.0545,226984.0
763,1896.6,4.0,3.0,30.0,13.73,14.0,2.0,24.8,4.2,86079.0,2950.05,1.0,1.0785,260233.0
297,1596.3,4.0,2.0,54.0,21.98,12.0,2.0,59.7,5.6,30417.0,2541.42,1.0,-1.1545,171207.0
572,2058.8,5.0,5.0,47.0,3.11,16.0,3.0,-999.0,7.0,46171.0,3175.42,1.0,0.0909,298932.0
437,60000.0,2.0,2.0,4.0,20.5,15.0,3.0,60.7,6.9,94691.0,2474.7,1.0,0.4899,231992.0
535,918.9,1.0,1.0,18.0,6.11,4.0,1.0,,7.4,35835.0,1911.67,1.0,-0.6395,131690.0
578,1185.3,2.0,1.0,,10.75,21.0,1.0,-999.0,5.8,22714.0,2278.56,1.0,0.6268,142664.0
126,1680.7,3.0,3.0,16.0,6.22,9.0,1.0,16.9,7.0,40847.0,2308.47,1.0,0.0419,215287.0
919,,2.0,1.0,,5.7,1.0,2.0,51.3,7.6,23841.0,2788.12,1.0,-0.7214,145986.0
764,1002.4,2.0,1.0,50.0,11.17,13.0,2.0,68.6,5.9,58634.0,995.27,1.0,1.0242,119551.0
57,1446.2,3.0,3.0,34.0,7.53,16.0,2.0,30.0,4.4,,2114.93,1.0,1.3505,197908.0
951,1275.3,2.0,1.0,4.0,12.51,7.0,0.0,37.3,5.4,75454.0,1432.33,1.0,-0.5886,150277.0
502,873.8,3.0,2.0,23.0,6.41,18.0,1.0,40.8,7.5,72278.0,2008.23,1.0,0.7868,175896.0
639,2134.2,3.0,4.0,43.0,14.26,9.0,1.0,49.8,5.7,46100.0,2803.76,1.0,-0.9117,234310.0
349,2071.1,3.0,2.0,43.0,14.15,20.0,2.0,58.8,,46488.0,2496.62,1.0,0.9698,214034.0
383,1541.8,4.0,3.0,40.0,13.96,20.0,3.0,37.2,5.5,40133.0,2313.32,1.0,-1.9046,212466.0
