Age,Experience_Years,Education_Years,Monthly_Income,Hours_Per_Week,Performance_Score,Projects_Completed,Job_Satisfaction,Training_Hours,Years_At_Company
58,30.0,14.8,221515.0,35.3,99.2,16,5.5,23.7,16.4
48,26.4,16.4,219374.0,42.5,93.4,20,8.5,25.7,14.8
34,12.6,13.9,182151.0,43.8,87.8,4,6.0,20.8,10.4
27,6.3,12.1,99968.0,33.3,64.4,4,4.0,34.9,8.2
40,15.9,13.6,170387.0,44.3,84.8,17,7.4,24.2,6.7
58,38.1,12.4,272308.0,40.9,86.5,29,8.1,28.7,23.4
38,16.8,12.5,187411.0,28.6,70.1,10,5.4,15.0,11.5
42,16.8,13.7,117110.0,36.0,75.4,13,4.8,14.8,12.5
30,5.1,12.3,131272.0,39.1,60.8,5,4.5,0.0,4.3
30,7.7,13.3,120568.0,55.2,68.2,8,5.2,8.5,0.0
43,24.4,10.0,213559.0,45.9,81.9,14,6.8,30.4,13.0
55,35.8,14.5,287418.0,32.7,100.0,28,7.2,23.4,16.2
59,34.8,14.0,300000.0,45.4,94.8,17,5.9,41.2,18.5
43,17.3,12.2,204339.0,31.2,67.5,11,7.0,22.7,12.5
22,1.1,15.5,152592.0,49.6,78.5,0,4.6,0.0,1.5
41,17.9,16.1,227895.0,38.7,77.9,15,6.6,18.2,13.3
21,0.6,10.5,95396.0,41.3,65.3,1,4.4,18.3,1.4
43,20.4,12.3,186711.0,51.3,86.7,11,5.7,27.2,7.3
49,30.2,12.3,255430.0,33.0,91.9,19,6.0,29.2,9.0
57,28.6,11.9,245382.0,32.2,97.0,22,6.3,26.0,16.2
21,1.5,15.8,104033.0,37.9,74.9,2,4.8,6.8,0.2
40,16.4,13.6,179475.0,49.3,,11,6.4,14.0,6.1
52,23.7,13.4,208387.0,31.4,100.0,16,5.7,7.1,7.9
31,6.0,10.0,84847.0,25.0,71.7,7,4.8,26.1,1.1
41,13.4,15.4,202534.0,38.8,79.2,9,8.0,17.0,6.8
44,18.8,11.3,177721.0,45.9,87.9,14,6.7,23.2,12.3
46,26.0,14.1,278916.0,50.4,90.9,26,2.6,25.3,14.9
47,25.9,14.6,170425.0,38.8,91.8,15,5.2,19.8,19.1
35,12.0,17.0,156197.0,39.1,100.0,4,4.1,13.1,3.5
34,12.3,11.1,140989.0,50.1,70.0,12,3.5,2.0,9.4
22,4.5,10.0,135991.0,28.9,66.6,2,1.5,26.8,2.6
56,36.9,14.4,279329.0,39.3,97.7,26,6.0,24.6,22.4
26,1.1,18.0,131339.0,43.3,80.9,0,3.9,0.0,0.0
40,18.2,16.7,151967.0,45.1,73.1,13,5.0,16.0,13.2
28,5.2,14.5,82072.0,38.4,58.2,9,,19.5,3.7
58,31.0,12.9,242175.0,42.2,87.0,25,5.7,29.9,15.0
37,9.5,15.8,100582.0,25.0,62.9,10,4.8,2.7,5.2
23,0.0,11.9,72089.0,37.4,63.1,0,6.6,15.0,0.0
44,19.8,15.0,209143.0,45.2,89.9,11,7.3,26.7,12.4
33,12.3,15.1,125665.0,35.1,72.5,1,6.2,19.1,3.2
28,1.0,16.3,154681.0,42.4,60.6,0,4.1,11.5,0.5
45,28.1,20.0,287738.0,45.1,100.0,24,8.4,46.6,16.6
21,0.0,14.9,58197.0,39.6,78.2,3,3.5,22.5,0.1
39,12.1,12.9,113809.0,43.2,61.8,9,2.9,9.2,10.7
47,23.4,13.9,,35.3,95.1,17,6.1,36.7,15.2
26,7.1,10.1,93757.0,40.6,75.7,4,7.9,13.7,3.9
27,5.4,12.5,142702.0,46.3,78.4,5,4.8,13.3,3.6
54,30.1,13.1,222358.0,43.1,98.9,24,5.8,15.5,17.4
33,10.2,12.8,160819.0,37.9,91.9,3,4.2,11.8,6.8
36,9.9,14.3,96450.0,43.6,72.2,9,6.1,6.4,0.0
55,34.7,12.2,273444.0,47.0,95.7,28,6.9,39.4,18.2
59,40.0,16.5,272097.0,27.7,100.0,28,7.6,45.6,17.5
23,0.0,14.0,97425.0,50.1,66.8,3,3.7,0.0,3.8
21,0.0,14.0,100124.0,39.6,79.8,9,4.6,4.8,0.0
25,2.0,13.3,61309.0,45.0,58.9,2,2.8,15.6,0.5
23,3.8,14.3,78172.0,50.4,63.9,5,4.4,6.5,4.8
48,19.7,15.8,229084.0,32.4,97.8,13,5.1,26.6,12.1
37,11.8,12.1,159455.0,37.0,83.5,10,4.2,17.2,3.1
45,22.0,12.6,222631.0,40.0,81.4,18,4.9,25.3,11.9
53,27.5,13.3,232900.0,36.5,95.8,21,5.6,24.8,14.1
29,7.9,11.0,126235.0,54.1,71.7,3,3.9,1.6,0.0
55,29.7,12.2,178660.0,36.0,100.0,22,6.9,19.8,14.3
33,12.9,13.0,144849.0,38.1,78.4,14,5.5,21.0,6.5
50,31.3,15.9,249288.0,43.4,100.0,24,5.7,30.2,16.9
34,12.1,14.6,223153.0,33.6,99.2,12,6.6,13.6,2.2
27,6.3,14.4,150344.0,39.2,77.5,5,4.1,6.6,6.9
33,10.5,15.9,199157.0,44.2,78.5,11,5.3,11.0,5.5
42,15.3,13.7,187196.0,39.7,86.8,13,5.9,25.6,8.5
59,40.0,14.9,260956.0,41.3,98.1,26,4.3,34.3,23.2
40,14.5,13.8,174229.0,38.3,96.7,12,7.3,5.9,5.6
35,8.3,14.6,145877.0,31.4,77.4,4,4.6,17.6,5.9
37,11.8,12.7,116775.0,44.3,73.2,7,5.1,12.8,5.4
43,20.4,10.0,159908.0,54.3,72.8,16,5.9,21.6,8.5
45,26.3,13.7,215012.0,42.1,99.5,20,7.2,38.9,16.2
44,21.1,17.1,257614.0,43.6,95.5,12,5.9,21.7,16.1
60,35.7,16.0,204538.0,46.8,95.6,29,5.3,35.9,21.8
48,26.9,16.1,266390.0,33.1,95.3,22,7.4,17.1,17.6
34,9.0,16.7,115756.0,53.9,65.8,5,5.1,10.4,3.4
20,0.0,14.2,58038.0,43.4,70.0,0,,9.9,0.0
44,19.4,14.4,223843.0,53.4,85.7,14,4.1,8.1,15.1
26,7.0,12.6,151932.0,36.9,85.5,5,3.3,12.2,10.0
28,5.0,13.3,152346.0,54.7,64.8,5,4.4,9.8,7.4
43,19.9,15.4,213431.0,47.4,75.4,14,4.8,21.3,9.9
20,0.0,16.6,167055.0,45.9,64.8,0,5.9,13.3,0.0
27,8.0,13.7,144887.0,43.6,63.5,5,5.0,14.1,1.2
43,22.7,13.0,197976.0,40.3,97.4,16,7.7,35.0,7.4
30,6.3,14.0,141503.0,50.4,83.9,7,4.3,2.1,3.1
36,13.3,15.3,201929.0,43.0,82.7,8,6.8,16.7,12.1
27,4.4,10.8,85639.0,28.2,77.2,9,5.1,9.2,2.0
54,33.2,10.0,213293.0,34.2,89.8,19,7.0,23.0,19.2
54,27.8,12.8,210476.0,40.7,89.3,24,4.0,34.9,19.4
52,32.9,11.3,173723.0,44.2,91.4,23,6.0,49.9,16.9
24,0.1,12.9,96422.0,41.6,63.8,4,2.3,4.9,6.2
58,35.5,13.7,196491.0,50.5,84.5,26,,37.4,25.0
60,34.5,13.0,253597.0,28.3,96.9,29,,33.3,18.6
47,22.6,17.2,238994.0,43.0,88.7,16,5.0,17.4,10.7
26,0.0,14.7,88264.0,29.3,73.6,0,4.3,0.0,2.1
28,7.9,14.7,186603.0,47.3,74.8,11,5.9,5.7,3.3
27,8.5,15.4,96725.0,41.3,73.2,7,5.0,0.7,1.2
31,7.1,11.5,153238.0,44.9,65.4,7,4.0,24.3,7.7
53,28.5,16.3,257349.0,36.0,94.1,25,6.2,26.9,19.3
52,29.8,13.8,183719.0,51.0,97.2,19,8.8,26.1,16.9
42,17.2,15.5,259744.0,49.3,75.4,15,6.2,25.9,5.7
43,18.0,11.6,167748.0,46.1,78.8,12,6.5,10.4,6.2
56,34.8,10.6,216740.0,41.1,92.9,25,6.4,26.7,19.5
54,33.7,15.8,213892.0,46.1,91.7,25,5.8,32.5,17.0
59,37.0,14.8,261529.0,37.1,95.4,22,3.3,42.8,19.3
41,15.2,12.0,156063.0,48.0,80.1,9,4.3,21.2,11.4
46,24.2,12.1,199404.0,53.5,76.3,22,4.1,26.3,15.5
54,33.7,16.5,253356.0,49.5,100.0,27,3.6,32.6,22.7
20,0.0,11.4,102862.0,36.9,57.7,1,3.2,8.2,0.0
54,31.9,17.6,246951.0,44.5,100.0,24,3.6,32.1,16.5
56,37.2,12.0,203191.0,32.9,100.0,26,6.4,26.5,22.7
33,7.9,15.4,131604.0,46.0,68.9,11,5.7,11.7,5.7
22,0.0,13.3,25116.0,45.2,70.2,0,6.1,0.0,4.6
20,0.0,15.3,110693.0,28.9,63.4,2,5.7,5.6,1.3
24,0.6,12.8,69376.0,33.9,74.3,5,4.3,1.6,5.9
45,19.4,13.6,186136.0,40.0,75.9,12,2.9,40.8,12.3
33,10.7,14.1,187802.0,39.9,80.2,13,3.3,13.2,9.1
58,32.0,11.8,202363.0,33.5,82.5,19,4.2,19.4,16.6
46,26.3,15.6,255038.0,44.7,89.2,24,4.5,25.0,14.5
28,2.7,12.9,88848.0,43.8,60.8,2,4.3,11.3,4.2
34,18.8,13.5,237711.0,40.6,90.9,13,4.6,33.4,15.2
34,6.9,11.8,105765.0,36.7,63.2,0,5.3,5.8,6.0
45,21.4,10.0,154925.0,49.3,82.8,15,4.9,9.5,11.5
32,9.1,13.6,157197.0,53.6,72.8,4,4.6,18.8,9.1
51,27.2,19.3,228836.0,38.6,93.6,18,7.4,15.7,8.4
58,38.4,15.7,253987.0,37.7,100.0,27,4.9,32.2,16.9
51,30.3,14.0,218625.0,45.4,86.0,25,5.9,27.2,18.7
23,0.0,13.4,94342.0,39.5,68.4,2,4.9,4.4,0.0
49,30.3,14.0,279525.0,41.0,100.0,23,5.8,34.8,18.5
56,28.7,15.2,172192.0,47.2,85.5,18,6.4,22.5,16.0
42,15.6,11.4,162947.0,28.6,86.3,9,7.2,15.3,10.3
58,31.5,16.5,271797.0,51.2,100.0,28,4.6,30.1,14.9
34,9.9,15.6,152023.0,42.5,71.2,6,4.7,14.1,7.2
48,28.7,15.6,269111.0,39.1,81.5,26,5.8,28.7,18.8
55,31.6,15.0,244910.0,41.4,97.6,22,5.7,33.8,21.0
32,8.8,14.0,130553.0,41.7,71.4,7,5.7,18.8,10.9
51,29.2,15.5,257660.0,29.9,100.0,25,6.9,31.5,16.8
26,0.0,15.3,105984.0,52.5,69.9,5,6.7,8.6,0.8
41,13.5,13.2,140373.0,42.3,69.3,10,3.0,3.1,2.9
47,26.9,12.7,226419.0,45.1,78.9,19,5.0,26.9,13.2
21,2.4,14.2,93799.0,48.7,79.1,3,3.9,10.8,0.7
25,2.5,17.4,102565.0,34.9,70.0,4,5.9,12.8,4.5
47,23.2,11.3,176455.0,45.3,82.9,20,3.4,18.0,10.9
47,26.4,10.8,248762.0,40.1,92.2,19,6.3,20.8,16.9
39,12.4,14.4,56970.0,47.9,73.6,12,4.1,10.3,6.8
49,30.8,14.1,250518.0,27.1,93.2,27,5.6,33.9,16.4
30,8.7,14.4,140303.0,41.3,76.3,8,3.5,20.2,5.5
47,22.3,14.5,153114.0,37.8,91.4,18,5.4,19.6,11.1
44,20.7,13.5,201847.0,45.0,89.7,11,6.9,28.8,10.1
58,38.0,17.3,297423.0,45.3,100.0,20,6.0,36.4,15.8
52,28.8,10.5,232684.0,37.0,87.3,22,6.6,27.0,15.1
20,0.0,12.2,15000.0,37.0,62.2,1,6.8,3.3,0.0
46,24.2,13.8,243222.0,41.2,76.2,16,5.5,30.3,11.8
32,8.3,10.4,99753.0,35.7,72.5,8,4.6,14.2,5.8
60,32.0,13.6,265597.0,47.9,100.0,23,6.4,48.8,19.6
22,0.0,17.7,131072.0,39.4,64.2,4,4.1,0.0,0.7
58,36.7,14.0,236284.0,25.0,92.1,27,5.9,38.5,23.2
25,0.0,14.5,115834.0,39.4,60.6,0,2.8,0.8,1.7
27,6.3,11.2,105440.0,34.7,74.1,8,6.5,3.1,2.6
46,22.0,12.6,131734.0,30.6,87.5,16,5.6,22.5,10.7
28,0.6,13.2,131452.0,33.3,66.0,3,5.3,6.6,1.3
56,38.5,13.3,245479.0,42.8,94.4,27,4.6,59.1,22.9
52,27.0,16.8,206685.0,51.3,93.6,18,6.0,25.1,19.0
43,21.4,15.2,181703.0,44.2,72.7,16,4.0,13.1,15.3
34,8.0,11.6,133082.0,37.8,72.7,7,5.0,13.6,2.8
51,33.6,14.5,253152.0,45.2,100.0,26,7.0,15.3,18.2
51,23.2,15.1,219742.0,38.8,77.8,16,6.3,22.8,14.8
43,18.7,16.5,147225.0,37.1,73.6,9,5.2,20.1,13.5
60,39.0,17.5,265778.0,33.9,100.0,27,4.3,42.6,24.3
31,15.9,11.8,155990.0,29.7,74.2,15,9.2,25.5,8.6
58,34.8,12.2,300000.0,39.3,100.0,24,8.3,28.8,15.4
21,0.0,11.2,82046.0,43.1,62.8,0,5.5,3.8,0.0
22,0.2,13.5,127897.0,41.3,65.0,4,3.8,0.0,0.9
56,30.7,15.0,243842.0,39.1,96.1,20,5.9,20.5,17.9
36,16.5,16.2,164140.0,35.4,77.0,8,4.8,20.7,5.8
21,0.0,13.8,89318.0,46.3,67.6,1,6.2,0.0,0.1
21,0.0,13.3,87937.0,32.8,63.2,0,5.3,1.7,1.9
47,19.9,14.3,202364.0,47.4,72.5,12,3.9,13.0,7.5
42,20.5,12.2,226558.0,35.0,85.6,15,5.3,25.8,14.6
56,35.4,18.6,287570.0,36.7,100.0,27,7.7,47.7,18.3
51,21.6,10.5,216272.0,31.7,78.2,16,7.6,11.9,15.7
52,29.8,14.4,200886.0,38.5,80.6,23,7.3,14.0,14.8
20,0.0,18.5,108786.0,48.8,85.5,6,6.2,4.0,0.0
38,9.8,14.0,123601.0,45.6,82.6,7,5.0,13.0,4.0
21,0.0,13.6,108783.0,48.8,75.0,2,1.0,6.7,0.0
45,21.8,13.2,181666.0,45.7,81.5,15,5.6,18.9,10.8
51,28.8,13.6,242923.0,34.3,,19,5.5,26.4,15.2
25,0.0,17.0,88810.0,39.7,87.2,0,5.9,7.9,1.0
51,24.0,10.0,192531.0,36.5,83.2,16,5.7,32.5,12.7
23,4.9,17.4,150821.0,51.3,68.3,6,2.9,0.0,2.5
30,2.0,10.9,33371.0,33.6,68.4,9,5.9,3.6,0.0
36,11.6,13.4,215924.0,48.3,85.9,7,6.1,16.0,7.6
57,36.1,13.1,249635.0,48.3,94.8,25,6.5,26.5,19.6
43,19.1,15.3,134714.0,54.8,97.1,14,6.6,34.1,15.3
24,4.2,10.5,110748.0,39.1,74.7,5,5.9,3.3,0.0
53,27.3,15.0,223288.0,47.0,82.5,21,4.7,26.5,9.6
25,0.0,18.5,110983.0,58.0,68.2,5,4.1,9.4,1.9
41,14.6,11.0,184861.0,37.7,82.9,4,5.7,11.9,9.1
30,5.8,14.4,137503.0,31.3,49.6,0,4.7,0.0,0.2
35,13.9,12.5,162996.0,28.8,75.4,9,6.9,12.7,3.1
52,25.0,14.9,224160.0,47.0,78.9,22,5.8,33.2,18.4
28,2.1,14.0,101984.0,28.8,65.1,0,7.7,4.0,5.4
25,0.4,12.6,145395.0,39.4,63.0,0,7.4,0.0,0.0
35,10.7,15.1,105569.0,45.1,75.9,10,5.1,21.0,4.5
48,21.3,18.0,212900.0,43.3,85.0,17,1.0,19.4,16.7
22,0.0,13.6,93516.0,45.0,57.7,0,5.8,0.9,0.0
39,17.2,15.6,214238.0,43.6,100.0,10,5.4,20.0,8.0
55,29.1,11.2,199104.0,51.0,100.0,18,4.8,34.4,15.2
38,15.1,11.9,102710.0,35.3,71.0,12,4.7,36.1,4.9
45,22.1,15.0,213025.0,37.3,100.0,15,5.8,29.3,7.0
22,0.0,17.3,118352.0,36.6,69.7,2,5.9,14.3,3.2
38,11.7,14.8,198953.0,47.8,78.5,1,3.2,10.3,0.9
39,12.2,13.3,111429.0,48.3,75.0,7,3.6,6.6,7.5
51,29.5,14.0,264466.0,45.2,86.5,18,5.9,29.1,18.9
26,0.0,11.2,160712.0,50.3,72.2,0,5.4,5.9,0.0
60,32.6,15.3,240157.0,33.8,95.6,22,7.0,22.5,15.2
52,23.6,15.9,172382.0,53.7,85.2,20,4.1,22.5,16.6
59,39.8,13.0,258501.0,52.7,89.0,23,4.1,40.0,23.5
58,31.4,13.0,234230.0,47.1,85.4,23,,33.0,15.4
37,18.5,14.6,195619.0,54.5,70.9,16,4.7,23.8,13.8
59,31.7,13.0,220658.0,30.4,92.8,29,8.1,32.7,21.1
20,0.6,13.9,141791.0,38.3,57.7,0,2.1,1.4,1.1
30,2.3,18.6,91814.0,36.9,72.2,4,4.9,2.7,0.0
47,27.3,13.5,172239.0,47.1,98.9,15,4.3,17.2,13.8
44,19.6,13.2,222201.0,34.6,94.4,8,4.2,35.0,11.6
42,15.6,12.6,94661.0,47.3,78.4,14,6.2,17.6,8.0
50,27.3,15.6,222041.0,51.6,90.9,20,6.0,25.0,17.8
49,27.8,13.6,300000.0,46.9,100.0,24,6.5,19.8,10.7
54,30.6,12.6,234674.0,44.0,98.7,18,7.1,53.0,12.3
26,1.7,16.9,81627.0,35.1,68.8,4,4.6,0.0,1.5
35,12.1,17.1,158133.0,36.1,69.3,15,4.6,11.2,5.2
45,23.7,12.7,200561.0,50.7,89.1,19,8.0,27.3,11.2
21,1.9,10.0,98064.0,47.5,71.7,3,4.5,11.3,0.0
20,4.4,16.2,144503.0,41.7,69.9,4,5.8,16.2,2.5
31,3.9,12.5,79987.0,39.1,73.4,0,5.2,22.6,2.0
24,0.0,15.7,153861.0,27.8,67.3,5,3.2,9.0,2.0
56,32.8,10.0,237218.0,34.5,86.9,22,3.4,22.8,18.2
51,34.2,16.0,274454.0,55.4,77.8,26,4.0,30.3,18.4
28,5.4,11.3,91671.0,33.0,67.3,0,6.4,11.8,6.5
60,37.3,15.6,300000.0,43.3,100.0,24,7.0,51.4,16.6
54,36.4,14.0,252983.0,49.1,90.7,30,6.6,22.9,21.6
38,14.9,11.9,166152.0,33.2,79.1,10,4.5,26.5,3.2
35,10.1,13.1,109282.0,43.3,68.9,12,6.8,14.5,3.0
22,0.0,15.5,75282.0,48.6,73.2,1,3.6,11.7,0.0
39,15.2,14.2,187466.0,42.1,78.4,6,5.5,16.3,10.7
43,19.6,15.3,175077.0,62.1,76.7,17,4.4,13.9,10.6
52,26.8,18.3,213995.0,30.3,100.0,18,6.4,32.4,14.7
43,17.0,10.6,145724.0,49.4,85.6,15,6.9,23.8,6.0
30,3.7,17.6,148149.0,40.8,71.2,4,4.2,15.7,1.1
27,0.0,14.2,81139.0,47.4,71.8,0,3.2,4.9,0.0
55,30.1,12.0,224920.0,45.1,93.4,23,5.8,24.3,17.7
57,35.5,11.1,249781.0,36.9,96.4,30,5.7,20.9,16.6
59,38.5,13.6,208525.0,43.6,86.1,29,9.6,42.4,25.0
39,11.9,16.0,119581.0,29.0,88.3,9,7.0,17.9,1.5
54,31.7,13.7,248553.0,46.2,87.5,26,,22.6,15.0
44,23.7,17.3,,44.1,87.4,18,4.3,19.7,18.1
54,27.0,10.8,245902.0,46.5,100.0,21,3.7,22.9,13.5
44,23.7,14.0,234964.0,49.4,87.6,14,4.1,12.1,9.1
48,25.5,11.2,222325.0,44.6,81.0,20,5.4,18.9,14.7
37,11.6,14.8,199663.0,43.0,59.0,12,6.2,5.2,5.0
37,13.3,16.0,168542.0,35.8,91.5,8,7.4,12.3,4.8
21,1.8,13.1,116211.0,37.0,56.3,7,4.8,0.5,0.0
54,31.6,10.0,203603.0,50.3,78.7,23,4.5,17.3,25.0
35,9.9,14.4,217706.0,52.1,75.9,5,5.1,29.1,4.7
60,34.1,15.0,,40.3,100.0,28,5.6,42.3,13.0
55,33.2,14.9,254946.0,42.3,100.0,23,8.2,25.3,22.7
52,28.1,16.7,247873.0,35.7,92.9,23,5.9,29.7,17.3
23,0.0,11.6,129799.0,50.2,67.6,0,4.4,8.3,0.0
52,25.3,15.5,213111.0,46.7,86.7,19,2.7,34.8,11.1
33,3.2,16.6,102871.0,55.6,73.4,5,4.3,1.0,3.8
40,19.8,10.1,199180.0,35.9,81.0,16,6.6,29.6,10.1
39,16.2,14.7,179803.0,39.4,88.8,6,4.5,13.6,3.1
27,3.5,12.9,117405.0,43.6,75.7,0,4.2,0.0,7.3
26,8.5,13.8,112567.0,46.5,79.1,10,6.1,17.6,3.4
22,0.0,14.8,48510.0,40.5,67.2,1,3.1,15.3,4.5
36,17.2,12.9,182704.0,35.9,89.4,11,7.2,39.5,13.3
52,22.8,12.5,221694.0,48.2,82.3,13,4.5,13.6,9.5
31,9.4,14.1,130476.0,47.0,,4,4.2,18.1,8.3
41,19.4,11.6,217778.0,35.6,76.9,9,4.1,17.2,8.7
41,21.3,11.6,164653.0,51.5,83.8,16,5.5,28.3,6.1
49,27.6,15.5,200404.0,50.2,97.5,19,8.6,15.3,13.9
57,37.8,11.5,256663.0,42.9,92.6,25,6.7,25.1,22.0
57,32.4,15.5,244237.0,42.6,85.3,23,4.5,24.7,16.4
27,1.4,15.0,131204.0,45.9,70.5,3,6.1,6.8,0.0
46,24.3,10.2,169906.0,36.0,83.1,24,5.3,19.3,16.8
46,20.7,12.5,227983.0,42.2,85.0,11,7.2,26.8,11.7
53,31.4,16.6,300000.0,26.9,100.0,26,7.7,38.3,14.7
40,20.9,11.8,186811.0,48.1,90.9,19,2.0,26.5,13.6
49,26.4,13.0,250211.0,31.1,85.2,17,4.8,39.1,15.1
52,25.3,15.0,183360.0,52.5,85.1,19,6.2,28.6,6.4
47,19.3,15.7,220287.0,39.7,75.6,13,5.4,10.7,11.9
52,32.0,13.4,275718.0,40.5,100.0,24,5.0,41.5,18.8
24,0.0,12.7,122958.0,37.6,76.9,6,4.6,0.2,0.1
38,9.7,17.1,153133.0,40.0,77.8,10,3.0,20.0,8.0
23,1.8,17.8,32308.0,51.9,73.5,4,4.6,19.0,0.0
54,34.0,16.2,243248.0,25.0,100.0,24,9.5,35.9,19.7
36,15.0,14.2,148958.0,50.9,82.3,7,6.0,5.0,3.5
47,21.7,12.2,161012.0,44.4,85.6,16,8.1,15.0,13.2
49,25.2,12.2,205352.0,33.6,78.1,22,6.6,35.7,19.7
48,26.8,15.1,214086.0,34.5,96.1,15,7.5,25.1,11.8
25,3.8,14.9,90352.0,53.7,64.4,0,6.6,8.7,0.0
54,33.4,17.1,227091.0,35.4,90.5,25,6.5,37.8,16.2
60,35.5,15.4,242915.0,33.9,96.4,23,6.1,39.0,19.9
56,35.6,10.7,278395.0,50.0,88.4,24,6.6,35.7,16.4
43,21.7,16.3,185104.0,44.4,86.1,15,7.2,20.7,13.2
48,26.0,11.8,186487.0,35.4,74.3,15,4.8,23.3,16.8
50,29.7,13.2,220059.0,43.5,99.6,19,5.2,35.6,17.9
54,27.5,14.6,239770.0,34.8,100.0,22,6.6,31.4,9.8
52,32.1,18.4,268392.0,49.7,83.3,20,6.1,28.6,20.6
40,15.2,20.0,103835.0,49.4,96.3,7,6.6,25.8,11.2
51,25.1,15.3,244969.0,45.7,83.0,17,3.6,24.0,16.3
42,18.0,13.6,223756.0,44.5,87.7,16,7.8,12.6,11.0
52,33.2,15.2,221794.0,54.3,94.8,24,4.7,25.5,18.9
22,0.0,16.0,76061.0,42.0,69.4,0,4.6,0.0,3.1
37,12.9,13.3,139197.0,33.7,75.5,10,4.4,13.1,12.9
44,23.6,17.9,202090.0,45.1,100.0,12,9.2,33.7,10.1
50,32.8,14.5,251118.0,56.6,84.2,25,5.2,24.8,21.3
22,0.0,15.1,45754.0,34.9,74.0,2,4.3,6.5,0.0
59,34.0,15.5,226512.0,39.5,100.0,24,7.3,26.9,18.3
43,18.4,14.9,233701.0,44.9,89.1,17,6.5,17.6,5.5
51,21.9,15.8,182433.0,41.6,100.0,13,5.9,10.4,11.2
41,19.4,12.6,215668.0,35.1,77.3,18,6.5,18.8,7.7
42,17.8,12.8,187865.0,49.9,88.1,14,4.3,17.7,8.4
21,0.0,11.6,33347.0,58.2,64.5,0,3.5,9.3,0.0
46,26.1,15.0,244180.0,43.4,100.0,19,3.7,27.7,13.0
21,0.0,15.7,100380.0,35.7,68.8,1,3.5,0.0,0.0
45,18.9,15.0,173296.0,31.2,82.4,18,8.0,28.8,10.7
36,16.0,17.7,197609.0,43.8,95.8,9,7.8,19.5,4.0
59,35.1,14.0,270329.0,49.7,92.6,23,5.6,34.7,15.0
52,28.0,15.5,247528.0,45.3,81.0,24,7.2,27.3,16.5
28,5.1,11.6,144213.0,42.0,64.1,3,4.5,4.9,0.4
58,33.7,13.1,262319.0,37.9,99.3,27,6.0,33.7,21.8
48,22.6,15.5,170721.0,34.4,99.6,22,6.5,26.9,13.1
45,21.2,15.9,187181.0,47.8,86.0,15,5.2,8.0,13.5
54,36.1,13.4,300000.0,48.4,100.0,28,5.6,29.6,24.1
44,21.4,13.8,211080.0,31.2,73.7,13,6.9,20.1,10.8
43,15.6,10.7,224944.0,53.1,73.1,14,4.8,19.5,6.9
32,14.0,13.2,199603.0,46.0,77.2,11,5.9,25.7,10.3
26,3.3,16.0,126974.0,51.8,70.8,5,5.8,1.5,3.3
55,29.3,15.3,245592.0,32.6,93.2,20,6.7,24.5,15.6
39,15.8,15.1,175128.0,32.4,86.7,7,4.8,13.5,12.9
20,0.0,14.1,43746.0,41.0,,3,3.1,0.0,0.0
27,4.2,14.0,117446.0,45.5,71.7,0,5.0,5.6,2.4
35,11.3,12.5,179550.0,54.6,75.6,8,4.4,20.2,6.3
33,10.3,15.5,128616.0,46.9,69.1,11,4.8,4.8,2.9
31,9.0,14.9,154329.0,40.3,75.6,8,5.2,15.6,5.2
42,21.9,15.1,225998.0,34.8,83.6,22,8.9,8.9,16.2
34,12.4,12.8,121025.0,50.6,74.3,13,3.2,10.4,8.2
47,24.9,10.0,181391.0,35.2,83.0,16,3.3,22.3,13.8
53,28.0,16.4,205663.0,53.4,96.0,21,5.9,40.8,14.9
21,0.0,12.9,66565.0,40.0,62.4,1,4.2,2.8,1.0
51,30.9,12.1,195647.0,53.1,98.1,18,6.0,12.1,19.2
42,12.3,15.5,127452.0,46.8,67.9,7,5.3,0.0,8.6
41,17.6,13.1,214194.0,41.0,75.2,12,6.7,19.4,8.7
44,21.7,16.3,183726.0,38.4,100.0,10,4.5,27.3,12.9
41,15.4,15.4,173674.0,39.6,74.0,12,4.5,20.3,9.9
41,16.1,15.5,157139.0,45.0,71.9,12,5.4,19.2,5.8
25,0.0,11.0,123906.0,42.5,71.2,0,5.9,14.3,0.5
34,10.8,16.7,189225.0,37.8,62.4,10,7.4,9.3,0.0
56,25.8,14.6,243252.0,40.8,88.6,21,6.9,32.8,15.6
52,29.9,13.2,,42.6,100.0,23,6.0,15.9,18.4
27,1.8,14.3,93923.0,27.1,56.1,1,3.9,0.0,3.2
24,0.0,10.1,38429.0,45.2,46.3,3,3.2,0.0,0.0
58,31.4,14.9,297281.0,35.1,82.1,25,5.0,27.9,18.2
23,0.0,11.7,68515.0,33.9,71.9,2,6.1,4.6,4.3
25,1.2,11.0,114794.0,30.2,74.1,0,5.9,6.9,4.9
51,27.2,10.7,238332.0,29.4,81.9,21,4.3,27.3,14.9
49,20.1,16.4,184247.0,32.5,91.3,19,5.6,13.7,11.5
54,36.4,12.6,291120.0,37.0,100.0,25,7.4,32.6,23.4
59,37.7,17.4,300000.0,55.7,100.0,30,6.0,23.2,16.2
35,11.9,12.8,198594.0,38.3,75.5,8,6.0,25.4,5.6
32,4.1,10.2,78260.0,43.2,47.6,4,4.4,5.9,6.3
49,25.1,11.5,160194.0,44.8,78.0,17,7.1,21.2,16.7
38,14.2,16.7,157330.0,42.9,80.9,12,5.6,29.1,8.9
36,13.7,13.7,163461.0,41.5,74.9,5,4.7,6.0,3.0
38,18.4,12.8,177061.0,33.6,78.3,12,4.5,10.7,10.0
47,22.3,14.4,192557.0,52.2,94.0,13,5.8,14.1,10.5
45,21.8,15.1,148739.0,54.7,96.9,17,2.6,21.9,13.0
56,33.9,16.5,276119.0,30.2,97.5,28,6.3,35.6,16.2
45,22.6,17.2,277110.0,34.8,99.6,19,6.1,29.0,9.4
42,16.7,13.2,187058.0,40.0,86.2,6,4.0,38.9,3.0
28,8.1,11.1,140419.0,35.2,69.5,13,4.1,0.0,8.1
31,8.8,13.1,154748.0,45.5,81.7,8,6.2,16.9,3.6
20,3.7,14.6,128591.0,36.9,71.2,1,5.4,3.5,2.5
20,0.4,11.9,125775.0,57.2,81.1,2,4.9,0.6,0.2
53,31.0,11.9,236901.0,50.3,78.2,23,5.3,24.8,13.8
51,31.3,14.8,231930.0,43.5,89.0,21,5.7,22.8,13.4
44,22.8,13.9,177725.0,49.2,87.1,18,6.8,36.7,9.5
59,40.0,14.1,272881.0,49.7,100.0,27,6.0,43.7,19.8
20,0.0,12.3,104539.0,38.1,75.7,0,3.6,5.2,1.1
35,17.6,13.5,166948.0,36.3,82.8,11,7.6,29.9,7.3
58,40.0,12.0,275590.0,42.5,84.8,25,5.9,24.9,25.0
24,4.1,16.0,139855.0,48.0,78.8,4,4.3,0.0,5.3
41,15.5,16.3,204025.0,43.0,86.4,14,4.0,0.0,11.0
48,26.9,10.0,235244.0,31.0,68.4,21,5.8,20.9,14.4
22,0.0,12.0,91725.0,36.4,65.3,3,4.8,6.3,4.5
31,14.0,10.7,103142.0,41.5,62.5,12,6.5,17.0,7.0
45,25.3,12.6,194682.0,41.5,81.5,17,,26.4,13.8
35,8.3,13.8,131822.0,55.8,65.2,9,3.2,0.4,5.1
56,34.4,10.8,189892.0,32.3,99.3,21,7.6,38.9,21.0
41,16.3,12.0,205985.0,45.5,79.7,10,6.3,20.0,10.9
48,25.1,11.8,203236.0,52.4,76.1,16,5.0,30.9,12.4
33,11.4,14.5,165151.0,57.9,82.4,12,5.6,0.0,4.7
47,22.7,14.2,237891.0,39.2,75.3,20,5.2,25.7,14.4
24,0.0,12.4,72871.0,45.4,67.5,2,5.0,0.0,2.1
49,28.1,14.4,241486.0,46.0,84.1,24,6.7,24.3,14.3
24,1.4,12.8,94634.0,43.4,65.0,0,5.4,10.4,0.0
31,7.4,13.4,125107.0,41.3,77.0,7,5.0,11.6,3.4
35,16.0,17.7,163719.0,45.1,88.3,12,7.2,11.0,10.7
45,20.5,16.9,257588.0,25.0,98.6,18,3.9,21.5,16.7
45,20.2,11.1,165570.0,46.8,78.1,15,7.5,8.9,7.5
40,19.0,15.8,214179.0,42.9,89.1,13,3.6,29.4,9.2
58,34.4,15.8,203920.0,40.4,94.2,27,5.2,30.9,17.8
55,32.5,11.5,272450.0,56.3,94.0,26,5.3,39.9,21.9
52,32.7,15.8,286936.0,37.3,99.4,22,6.1,26.9,17.9
49,30.1,17.4,250948.0,39.2,94.9,22,7.2,24.9,13.8
56,32.9,11.5,223912.0,55.9,76.2,21,3.3,25.2,19.8
42,26.3,12.0,223140.0,36.2,90.4,12,6.3,33.0,13.3
29,6.7,16.2,206514.0,38.1,77.8,6,4.7,4.7,0.0
24,5.9,14.6,71763.0,41.0,68.4,7,5.3,14.9,0.6
55,29.1,15.2,253826.0,47.9,82.1,22,5.1,25.2,21.2
53,33.5,14.7,227801.0,43.5,100.0,19,6.2,16.0,19.6
50,27.1,14.9,225717.0,33.0,94.1,19,5.6,22.1,15.2
29,7.0,11.1,108784.0,38.3,66.6,0,4.3,1.2,3.1
38,14.1,16.3,154180.0,37.7,72.8,15,5.5,16.6,8.6
51,26.1,16.6,223251.0,41.5,84.1,16,6.6,16.4,15.2
20,0.0,13.5,66550.0,45.0,78.5,5,4.4,12.4,0.9
24,0.3,13.9,129700.0,44.9,68.7,4,3.7,4.5,0.5
23,0.0,10.6,27781.0,29.6,58.9,0,5.7,3.6,2.6
35,5.1,15.1,,49.4,77.9,1,4.9,14.3,2.9
43,23.1,15.3,195989.0,43.8,82.7,18,6.4,31.2,9.8
35,12.8,13.9,125737.0,51.7,89.9,7,4.2,15.1,5.2
21,0.0,16.5,118092.0,45.1,80.6,1,3.1,0.0,0.0
47,22.4,13.3,147561.0,49.7,79.2,15,4.3,8.7,18.4
51,26.6,15.2,222361.0,45.3,85.0,14,4.5,20.8,17.2
46,20.6,11.8,130179.0,51.4,60.1,9,4.1,16.5,8.8
39,15.7,13.9,177298.0,45.7,68.6,13,4.0,18.4,7.8
43,14.8,13.6,130674.0,41.3,68.1,10,5.8,14.1,6.2
31,10.7,14.5,135620.0,57.9,78.8,7,4.3,19.1,10.5
54,33.6,13.2,254998.0,48.2,90.8,27,5.7,27.0,14.2
52,31.5,13.7,212064.0,46.0,82.2,27,5.4,29.7,17.7
52,32.2,15.8,249686.0,33.1,95.3,23,6.5,40.2,17.4
56,31.0,13.0,191575.0,33.0,96.2,22,6.3,32.5,19.5
31,10.5,10.5,152021.0,44.0,76.1,10,5.7,12.9,5.5
22,2.3,17.8,169052.0,43.0,58.1,0,3.4,2.0,0.0
20,2.3,17.0,203011.0,37.7,71.3,3,6.8,1.8,0.5
52,28.4,11.2,213145.0,43.0,75.4,23,4.8,20.9,12.7
59,35.4,15.5,289576.0,53.1,100.0,28,4.1,29.0,19.7
29,3.8,12.9,60116.0,46.9,76.5,0,5.2,14.1,6.4
48,19.7,14.6,231572.0,34.0,77.0,13,4.5,19.0,5.6
32,9.9,14.6,164837.0,41.2,68.6,5,5.7,2.1,3.0
31,5.2,13.5,103892.0,36.4,69.6,5,7.8,23.3,1.2
50,26.5,12.3,240785.0,39.3,69.6,21,4.1,28.8,13.4
21,1.0,12.5,,39.1,68.4,6,5.4,0.0,2.8
54,28.6,12.0,205034.0,38.7,85.9,20,3.6,24.3,15.2
42,24.4,12.2,219425.0,33.2,93.3,17,6.7,25.4,14.7
36,12.5,13.9,119154.0,41.1,70.9,13,3.9,28.6,5.0
45,25.2,12.4,233889.0,38.1,80.0,20,4.7,16.3,14.5
27,7.1,15.5,99325.0,25.0,64.3,10,4.1,18.5,6.2
48,18.5,17.3,160883.0,56.4,80.3,15,5.6,31.0,8.0
45,21.5,12.7,158489.0,49.6,73.4,13,6.0,17.2,14.2
29,3.8,14.5,143000.0,39.4,78.9,0,5.4,5.8,2.2
45,23.6,15.1,188097.0,42.1,81.4,13,4.3,15.6,16.1
53,28.3,15.0,190635.0,33.8,92.7,23,8.1,26.0,15.0
60,39.7,14.2,260055.0,53.9,97.3,30,4.6,36.5,23.0
26,1.6,15.6,105989.0,55.3,61.4,8,1.4,11.6,0.8
23,0.0,15.1,66381.0,43.1,68.8,4,5.4,13.7,0.0
30,1.3,11.3,59645.0,49.2,69.3,5,3.3,0.1,1.5
48,25.8,15.9,280899.0,43.2,79.0,17,6.4,9.9,15.8
55,34.2,16.0,236823.0,32.6,100.0,21,6.0,32.2,15.1
44,21.3,12.3,175244.0,39.1,76.5,18,6.0,24.4,16.0
40,16.8,14.1,161948.0,42.9,77.9,14,6.9,20.4,3.7
55,31.6,15.5,236924.0,38.8,99.1,23,4.8,27.7,15.3
29,3.9,13.5,129520.0,40.5,65.0,5,4.1,9.1,1.9
56,33.4,16.4,289079.0,41.4,99.9,25,6.0,43.8,19.6
28,3.8,19.2,125641.0,41.4,74.8,8,7.0,11.1,6.8
43,16.7,12.3,130006.0,42.4,79.8,17,4.5,15.4,3.6
54,32.0,11.0,260858.0,34.6,70.5,25,4.5,26.6,16.1
54,31.4,14.7,234155.0,37.0,79.3,26,6.1,28.8,10.9
55,34.3,15.6,300000.0,33.0,100.0,27,5.8,45.5,19.0
37,15.8,13.5,103842.0,48.8,88.0,11,5.6,16.2,9.5
58,32.8,17.2,262772.0,27.3,91.0,26,4.5,31.1,22.8
51,29.2,11.1,275523.0,50.1,85.5,17,7.9,24.5,16.4
43,17.1,15.5,172667.0,51.7,87.1,16,3.6,27.5,12.5
42,17.4,12.7,168455.0,39.9,88.2,10,5.3,34.6,11.3
51,23.3,17.8,221000.0,25.0,75.5,18,5.8,27.2,11.5
56,37.5,18.4,266606.0,39.5,96.6,25,8.4,35.7,16.4
31,7.2,12.3,112888.0,41.6,68.8,8,3.3,11.1,4.8
32,9.4,12.8,127066.0,34.9,77.6,7,7.9,0.0,0.7
42,19.9,15.9,183407.0,38.4,100.0,10,7.2,26.9,14.8
44,20.2,13.1,222186.0,52.7,81.4,16,5.4,22.2,10.6
54,28.5,13.9,236227.0,46.7,80.1,19,4.0,31.2,19.3
60,32.9,14.1,256699.0,35.5,97.0,27,6.9,25.6,16.7
49,29.5,10.0,244807.0,30.8,97.0,22,5.6,25.5,17.0
36,7.9,14.0,125729.0,39.7,74.4,8,6.7,8.0,5.0
39,23.1,12.5,170959.0,40.5,78.7,14,4.2,31.7,12.6
44,16.9,12.9,155336.0,45.5,87.3,11,5.3,15.5,8.0
41,15.4,17.2,184243.0,38.3,91.8,10,5.3,34.0,9.6
32,12.1,11.2,106124.0,45.6,66.4,12,3.4,18.1,3.9
38,16.0,15.8,163472.0,55.5,84.4,17,5.8,7.6,5.2
55,33.1,13.4,233437.0,47.7,100.0,22,6.5,30.5,21.9
31,6.4,13.4,191877.0,41.7,80.8,9,6.8,4.9,5.7
60,40.0,15.7,202376.0,40.7,99.2,22,4.0,19.4,22.2
38,16.2,14.7,168416.0,39.5,80.7,9,6.7,30.8,13.9
31,8.6,15.3,198501.0,50.3,86.8,4,8.3,17.5,3.9
28,1.9,16.1,114155.0,37.6,62.6,0,4.3,10.8,5.0
26,4.4,13.3,138933.0,42.3,74.0,0,7.3,9.8,2.9
47,23.0,12.7,194535.0,42.4,72.2,18,4.7,12.3,9.6
33,11.7,11.6,124710.0,38.5,82.2,9,3.9,10.5,12.0
50,29.1,12.2,155353.0,32.4,88.2,23,5.7,35.0,19.0
38,12.4,20.0,188454.0,44.3,93.8,12,7.0,6.5,6.5
35,12.9,16.7,144712.0,41.6,83.0,11,4.5,0.0,9.3
24,3.2,11.0,71355.0,45.5,56.5,5,3.5,5.7,0.5
54,34.0,11.1,229680.0,38.3,100.0,25,7.0,31.1,21.2
31,3.7,15.1,176761.0,50.5,84.5,0,5.2,9.0,0.0
44,22.6,15.2,281240.0,35.9,95.5,20,6.9,28.9,9.4
40,12.6,15.2,163936.0,54.0,74.0,8,4.9,20.2,9.9
55,29.3,13.4,213932.0,29.8,88.7,19,6.7,30.5,15.4
42,20.8,13.7,157053.0,45.0,86.8,15,5.0,31.2,12.1
35,13.8,14.7,174001.0,45.3,72.3,8,5.2,3.9,3.5
58,36.0,14.2,300000.0,36.4,100.0,25,5.2,37.8,25.0
58,37.3,10.0,245080.0,45.0,95.2,28,7.4,39.9,24.1
33,5.0,13.5,36525.0,51.0,48.1,6,2.9,0.0,2.1
50,29.7,12.1,245916.0,26.5,90.5,19,7.7,16.7,15.1
24,2.4,14.4,137877.0,45.5,66.3,1,4.4,1.0,4.4
54,34.2,20.0,229065.0,25.0,100.0,28,7.0,27.1,24.8
42,14.5,14.8,171275.0,35.2,78.4,13,4.9,22.6,10.8
48,19.1,13.3,197952.0,53.4,88.1,21,4.0,15.4,17.0
30,7.3,16.0,140222.0,37.9,83.9,10,3.5,4.0,1.2
37,17.2,15.1,157392.0,33.8,84.5,16,4.6,13.9,7.0
31,8.8,14.9,171113.0,40.6,74.5,3,4.8,21.0,1.3
28,6.1,15.3,118279.0,56.5,73.8,8,4.7,10.0,4.7
29,5.0,18.5,93844.0,29.2,77.0,4,6.9,7.6,3.3
36,9.8,11.5,67626.0,34.6,66.0,6,4.5,12.0,4.9
57,32.3,15.0,288985.0,52.5,100.0,24,4.6,41.2,20.2
26,2.5,12.0,120500.0,55.0,70.0,6,2.7,1.0,5.1
32,8.6,15.2,150414.0,41.3,89.9,9,,22.4,0.2
59,33.7,12.0,233332.0,33.3,100.0,22,8.1,33.6,16.7
28,3.1,13.1,89485.0,56.7,63.3,5,5.6,6.2,4.2
46,19.8,13.4,157458.0,53.2,92.6,13,6.2,40.8,9.5
21,2.0,16.1,98201.0,46.8,63.1,3,5.2,0.0,0.0
24,0.0,16.0,44192.0,36.3,75.1,0,7.4,2.2,3.1
48,18.7,11.3,147308.0,41.7,74.0,13,5.5,10.1,6.4
56,27.3,14.1,210032.0,40.9,83.0,22,6.3,34.5,14.1
57,30.9,12.4,252316.0,44.3,95.2,20,5.5,43.2,18.0
38,21.5,11.2,174382.0,52.2,62.4,22,2.6,35.6,10.1
27,9.3,13.5,156058.0,48.2,62.0,2,3.5,22.2,7.5
20,0.0,13.3,134319.0,34.5,65.1,0,5.0,3.4,0.0
41,19.8,19.3,241135.0,51.6,90.4,16,5.4,17.9,15.1
36,10.9,15.0,163110.0,44.2,72.7,10,7.3,0.4,5.6
26,0.0,11.0,81066.0,46.8,53.8,1,4.2,21.3,2.0
44,21.6,12.8,159106.0,52.3,77.8,16,6.2,26.0,14.1
23,0.5,16.2,131893.0,34.2,73.1,3,4.8,1.5,0.0
55,37.5,18.6,300000.0,41.7,100.0,27,5.8,45.6,14.5
25,0.0,10.5,93138.0,38.3,62.5,5,3.2,0.0,1.1
50,29.6,10.0,278398.0,31.0,96.8,24,5.5,31.9,16.5
38,14.2,18.1,134418.0,44.4,87.1,14,6.1,15.0,9.5
58,32.3,14.9,211640.0,59.6,89.9,21,5.0,35.9,17.1
46,20.5,12.1,208016.0,29.1,79.8,15,7.0,20.9,10.0
29,2.7,15.2,116974.0,41.8,58.9,2,4.7,0.0,7.5
45,21.8,10.0,219883.0,46.5,79.8,13,4.7,23.0,7.6
38,15.4,14.0,171851.0,42.9,90.3,13,8.3,25.7,10.7
58,38.0,14.7,248011.0,41.2,100.0,26,6.0,35.2,19.2
22,0.5,16.0,106817.0,32.9,82.5,3,7.2,11.6,0.0
32,7.0,11.8,72869.0,43.6,67.0,3,4.3,2.2,2.9
47,21.5,14.2,167432.0,36.7,96.2,21,7.0,22.0,9.4
39,14.2,12.0,182338.0,26.7,74.5,8,6.8,11.4,9.5
47,21.8,14.6,231304.0,50.4,98.8,17,6.0,28.4,16.2
27,8.5,12.0,138990.0,48.7,72.0,9,1.9,12.1,6.1
60,35.4,13.1,205898.0,42.4,100.0,24,6.1,38.8,19.8
58,33.1,11.8,232568.0,43.6,100.0,27,7.5,40.2,15.2
20,0.0,15.4,65975.0,49.5,68.5,0,5.2,10.5,1.6
22,0.0,15.9,141301.0,43.6,71.9,5,5.5,7.2,6.5
32,4.9,13.5,104363.0,48.3,80.1,4,3.0,0.9,1.6
47,28.6,14.1,195443.0,39.9,90.1,19,4.9,27.9,14.6
44,21.5,10.8,178539.0,51.2,70.1,15,5.0,17.9,10.1
52,25.6,13.3,197865.0,44.2,100.0,21,6.5,22.7,12.6
57,31.3,13.9,282627.0,43.4,88.9,21,7.1,27.0,9.0
25,2.9,19.8,112131.0,33.1,77.1,1,5.4,0.0,2.8
51,28.9,11.6,180888.0,44.0,95.3,21,6.3,12.5,13.4
40,15.8,17.2,115388.0,36.2,78.7,9,5.5,12.3,3.9
35,13.3,16.2,162621.0,37.5,73.3,16,4.0,17.2,9.6
40,14.5,14.6,149412.0,36.3,80.6,9,2.9,5.8,4.7
30,4.4,17.9,83938.0,34.5,61.5,7,5.4,8.6,1.4
56,34.4,14.8,293472.0,56.9,96.7,26,5.6,47.7,23.3
55,34.3,14.9,279182.0,51.3,99.9,22,5.0,40.6,14.6
54,27.0,13.9,219433.0,55.4,89.4,20,3.2,39.7,10.3
38,12.1,16.7,199160.0,33.4,68.8,12,6.0,17.8,7.5
39,12.9,16.4,192296.0,42.5,,9,5.6,24.7,10.5
37,12.4,12.6,123694.0,32.9,76.0,13,6.2,9.1,2.1
60,35.4,11.1,219353.0,37.1,100.0,29,8.6,28.2,20.7
33,5.3,13.6,142954.0,35.6,67.9,7,2.5,0.0,4.7
34,10.3,12.2,146541.0,50.7,68.2,7,3.7,22.7,0.0
50,25.2,13.9,219027.0,39.2,92.1,15,5.7,37.5,16.3
20,0.0,16.7,81835.0,49.5,68.4,0,6.3,0.6,2.6
22,0.0,13.0,107208.0,46.2,56.6,2,2.3,3.0,0.0
35,15.9,13.9,151850.0,58.1,91.3,14,7.5,11.7,12.5
42,17.8,14.1,174015.0,31.6,77.7,7,5.8,22.3,13.2
30,2.3,15.9,152953.0,50.8,58.3,3,4.0,15.8,1.6
31,6.0,10.0,92935.0,50.0,76.8,6,4.6,0.0,1.9
29,8.2,12.7,80840.0,35.2,69.2,6,4.6,14.8,1.6
51,28.1,14.5,193894.0,49.0,86.0,25,6.5,25.3,15.3
35,12.0,16.6,186254.0,44.4,66.5,11,3.4,15.5,8.3
27,1.5,12.9,113947.0,40.4,81.9,6,5.9,9.9,0.0
57,30.6,10.0,212439.0,36.2,77.3,22,5.0,28.0,10.2
31,8.7,15.4,127682.0,37.0,76.7,10,4.5,11.1,8.6
43,17.7,12.6,190331.0,56.3,87.4,18,8.1,17.4,10.3
47,23.4,11.4,170397.0,42.0,88.2,21,6.2,31.5,11.7
27,2.0,12.6,110045.0,47.5,67.5,0,5.3,10.0,3.7
47,20.1,13.6,159672.0,36.5,70.2,14,6.5,22.8,15.6
55,34.2,12.7,217860.0,36.5,86.0,24,4.1,22.2,10.4
45,26.2,10.0,182300.0,49.6,85.3,21,7.3,22.9,15.7
27,6.6,16.0,122003.0,32.6,70.1,8,2.3,17.5,0.0
47,26.5,16.8,229070.0,39.1,94.3,17,5.1,26.5,16.1
47,25.4,15.4,228979.0,42.2,96.3,19,5.4,30.6,14.4
56,32.9,11.5,130779.0,42.8,100.0,18,6.8,45.5,20.0
60,40.0,13.6,250455.0,40.7,91.3,30,6.1,45.3,20.5
55,33.8,14.0,242213.0,44.8,100.0,23,5.8,32.8,13.0
46,23.6,15.3,258122.0,46.8,94.0,18,5.7,19.8,11.6
36,15.4,15.5,140260.0,47.1,79.4,11,3.9,0.0,9.7
28,3.6,12.4,116099.0,35.1,77.1,7,3.7,6.5,5.0
52,26.5,14.2,268851.0,40.0,100.0,11,7.1,23.6,11.1
39,14.1,15.0,121516.0,50.4,69.3,11,5.4,19.4,10.8
32,9.3,17.2,163729.0,48.3,77.0,7,6.8,11.2,3.2
47,21.2,15.5,167507.0,32.4,,14,4.2,19.4,12.7
48,19.1,15.7,176146.0,44.5,84.7,20,6.2,6.0,9.0
32,13.8,14.2,137972.0,28.2,80.9,8,5.6,8.5,8.1
54,32.7,17.1,237469.0,42.3,98.3,26,7.5,35.0,20.7
25,6.7,14.9,211852.0,55.3,70.9,7,5.7,24.1,0.0
37,16.2,12.1,181624.0,35.4,62.0,16,5.1,17.2,6.9
24,2.1,17.1,154102.0,36.2,76.4,0,5.0,9.3,1.7
44,26.6,15.5,243730.0,47.3,100.0,17,7.1,33.9,21.8
21,0.0,13.0,42717.0,31.2,60.9,4,5.8,0.0,0.0
29,8.7,12.9,146324.0,37.6,77.3,8,4.6,14.9,10.9
49,29.0,14.7,258853.0,46.2,78.7,17,3.5,22.3,22.0
24,0.3,15.0,79323.0,37.6,73.7,0,4.9,12.2,0.0
52,29.7,14.4,262330.0,40.3,89.4,23,7.6,30.0,15.4
20,1.1,14.7,123820.0,47.2,63.6,4,5.8,8.3,0.0
37,11.3,17.7,216361.0,45.0,74.2,7,3.6,7.8,6.0
51,30.2,16.4,231512.0,43.9,92.9,13,4.4,34.8,12.4
30,1.1,14.4,73617.0,39.6,74.5,3,6.7,22.6,0.4
40,18.8,16.1,175671.0,44.6,73.8,10,3.6,12.0,14.8
45,22.1,11.7,230522.0,41.1,79.3,10,,20.0,10.3
44,19.9,14.9,137083.0,45.2,84.9,6,4.6,22.8,10.2
41,16.0,18.0,121069.0,38.5,77.6,15,7.3,24.1,3.7
46,24.8,13.5,217092.0,40.7,100.0,19,5.2,20.4,14.8
32,4.8,12.1,94727.0,35.1,61.1,4,6.2,0.0,3.4
52,28.9,12.6,222322.0,41.8,85.8,25,5.8,39.0,16.1
53,24.9,11.6,226729.0,36.3,78.2,20,5.8,31.0,13.0
60,40.0,12.3,257473.0,34.2,100.0,30,4.1,23.1,21.1
54,33.6,13.2,193140.0,43.8,97.8,20,3.3,27.0,20.0
20,0.0,10.9,143674.0,43.5,58.2,1,4.1,17.5,0.0
40,17.4,14.0,151743.0,47.5,92.4,8,5.9,30.5,10.5
25,6.2,16.0,103279.0,39.0,77.8,5,4.0,17.5,4.1
47,27.2,12.0,247537.0,44.9,89.3,19,4.3,25.4,18.3
36,14.7,17.3,165160.0,45.9,80.9,13,5.9,17.4,10.1
24,4.4,15.1,117263.0,45.1,66.3,4,5.3,7.5,3.0
50,22.3,16.3,224909.0,36.2,92.7,18,5.9,31.9,16.8
24,2.7,12.6,134162.0,43.0,62.7,5,5.5,0.2,2.7
57,34.4,15.9,253126.0,44.5,100.0,30,4.6,26.1,22.8
22,0.0,11.6,129264.0,42.1,55.7,0,3.9,13.1,1.8
42,20.6,16.0,141041.0,27.4,99.1,13,8.6,21.1,5.8
56,34.0,14.4,277509.0,43.1,96.7,26,6.0,43.2,22.6
56,36.3,15.2,243474.0,57.5,100.0,24,5.7,28.7,20.4
29,11.6,11.4,184013.0,39.5,,14,8.2,13.8,6.2
29,7.8,12.0,126451.0,36.9,65.4,6,3.3,3.9,5.1
38,10.8,15.3,134928.0,44.6,84.9,7,6.4,13.7,4.9
36,13.8,11.9,161300.0,44.2,52.9,9,6.1,4.2,8.3
40,22.6,15.0,228621.0,50.3,80.9,19,4.6,19.2,10.7
33,7.0,11.0,132472.0,33.2,60.7,5,5.9,0.0,7.7
28,0.0,15.9,70029.0,47.1,60.6,0,3.2,10.6,0.0
20,0.0,11.3,71559.0,46.1,63.4,6,3.7,10.7,0.0
32,9.7,15.2,146963.0,41.0,78.1,5,5.7,0.0,2.6
23,2.1,15.4,114672.0,44.4,78.2,3,6.1,17.4,2.0
20,0.0,12.5,116057.0,49.2,70.7,3,6.0,25.0,0.6
59,37.3,15.3,210243.0,48.1,,22,7.5,35.2,21.7
51,23.2,14.6,216845.0,34.0,89.5,19,5.9,18.4,9.7
53,28.2,12.8,214661.0,47.7,93.6,18,7.1,50.2,10.7
47,24.2,11.8,176600.0,41.5,90.7,20,5.4,13.8,15.2
50,24.4,10.0,173255.0,42.5,89.0,15,6.7,24.7,17.9
27,2.4,14.8,105349.0,42.5,70.9,5,5.2,8.4,0.0
58,39.0,10.6,151322.0,40.9,89.9,30,6.3,47.0,25.0
45,23.0,14.2,180116.0,50.3,81.9,20,5.6,26.3,13.5
53,25.1,13.4,181126.0,41.4,82.4,19,3.5,21.1,13.8
22,1.8,15.5,126078.0,34.2,67.3,2,3.8,0.0,0.0
31,10.0,13.3,116854.0,39.2,76.6,6,5.4,10.3,1.3
20,0.0,13.3,,43.3,71.7,5,2.9,0.0,3.0
24,0.6,15.6,152708.0,50.6,69.6,0,5.6,5.9,0.0
49,23.6,14.7,237641.0,46.2,87.2,14,6.5,19.4,10.6
49,24.4,14.7,238508.0,36.0,87.8,20,6.3,12.6,16.4
36,11.1,15.0,135964.0,59.4,75.2,6,3.1,23.9,0.5
42,19.4,10.6,185001.0,43.9,71.4,12,6.6,16.5,6.1
34,10.6,15.7,138668.0,50.9,62.7,4,6.7,3.3,5.8
56,31.5,15.3,238107.0,40.9,89.2,22,5.9,28.9,18.2
40,21.2,11.8,199421.0,45.7,86.2,16,6.0,22.5,13.1
33,11.1,13.5,124695.0,47.9,68.3,9,4.9,0.0,5.2
21,0.0,13.9,141095.0,50.5,65.9,4,5.1,7.7,7.6
30,3.3,13.7,107631.0,49.4,72.5,5,4.6,0.0,1.1
58,31.3,14.7,264461.0,48.1,100.0,22,5.8,43.7,16.5
57,35.9,17.1,300000.0,39.8,92.7,26,7.0,37.9,17.4
53,27.0,16.4,264750.0,38.0,100.0,21,9.1,23.4,15.2
57,33.6,11.1,200567.0,44.3,99.7,28,4.3,25.9,20.3
53,33.0,15.4,263042.0,48.5,87.1,24,5.2,30.6,21.8
37,15.4,16.9,202362.0,40.4,77.8,10,3.9,22.2,4.0
49,22.7,14.9,235761.0,49.5,96.7,14,7.6,23.0,11.7
34,8.0,16.4,109621.0,52.2,75.6,2,4.0,9.7,5.7
46,26.3,18.4,207664.0,35.6,76.7,21,3.7,26.5,16.2
53,28.2,16.3,260002.0,36.1,81.5,22,6.4,22.7,15.5
57,35.8,14.5,239052.0,41.0,95.1,28,8.1,30.9,21.3
52,27.5,16.3,218054.0,44.2,81.1,20,6.1,10.3,12.7
43,20.3,14.3,237666.0,38.3,82.4,19,5.8,29.0,15.8
34,17.8,14.1,177981.0,51.5,82.9,12,5.5,21.6,12.8
49,23.7,13.2,185497.0,45.0,96.8,20,7.6,17.8,9.0
36,7.1,17.4,117221.0,42.3,77.4,6,4.2,25.9,0.7
24,4.2,12.2,123197.0,31.9,77.5,2,5.5,9.1,0.0
48,20.8,17.4,170771.0,32.8,98.9,17,5.9,13.4,13.5
23,0.0,15.1,100060.0,44.0,81.4,2,3.9,11.9,0.0
29,7.7,10.9,131292.0,27.1,72.9,7,5.2,14.3,3.2
36,14.9,14.8,200829.0,49.1,65.5,12,5.8,20.1,9.6
29,6.8,10.0,133761.0,40.9,71.5,6,5.7,7.0,3.5
36,14.7,15.4,152808.0,64.7,90.2,18,5.6,20.4,8.9
39,12.4,15.9,196633.0,58.2,79.0,13,4.8,12.8,3.6
43,24.4,12.7,200945.0,40.7,100.0,20,6.8,29.0,15.2
24,0.0,14.3,64279.0,41.3,74.0,1,4.1,0.0,0.0
53,32.0,18.3,256289.0,49.0,100.0,26,5.5,27.1,16.6
25,0.5,12.9,143225.0,53.9,77.4,3,5.0,19.2,1.0
21,2.5,11.7,105277.0,30.5,68.6,3,5.7,0.9,1.7
32,9.2,17.3,143846.0,29.5,58.4,7,5.3,7.5,5.1
30,7.1,18.3,194286.0,37.6,74.0,6,5.1,7.1,1.7
42,21.2,14.0,154949.0,46.1,93.0,6,5.2,12.2,10.8
35,7.9,16.2,100137.0,45.5,68.5,7,8.5,0.0,4.4
50,29.6,17.0,195375.0,49.5,93.4,20,6.6,26.8,12.2
30,5.7,12.4,124464.0,33.6,62.1,10,5.4,10.6,1.7
35,15.7,12.9,176070.0,25.8,93.3,12,6.2,17.1,9.8
27,0.6,16.7,163322.0,48.0,84.6,0,4.7,4.3,0.0
23,0.0,17.7,116504.0,36.2,65.0,1,4.8,5.3,3.5
59,37.0,15.2,259475.0,27.9,100.0,24,7.0,42.8,24.2
23,0.0,12.1,87224.0,43.0,59.6,2,2.2,3.5,0.0
44,24.6,18.4,232991.0,47.6,97.2,19,3.9,20.1,17.6
22,0.0,12.8,44102.0,41.1,69.9,4,4.2,2.8,0.0
51,26.9,13.3,300000.0,38.8,96.0,17,6.3,31.2,16.1
22,0.0,14.8,118201.0,40.9,72.9,1,4.8,16.3,0.0
46,21.9,17.4,222180.0,39.4,100.0,12,8.0,17.5,14.8
48,30.4,15.9,258800.0,32.6,86.7,24,4.2,30.1,17.9
51,29.8,14.9,252502.0,37.0,79.8,23,4.6,31.5,13.9
38,10.7,15.0,144163.0,45.6,73.2,10,6.7,5.6,2.4
40,18.1,14.1,155933.0,44.3,70.0,14,5.0,19.6,5.6
24,2.3,15.2,124899.0,43.2,57.9,4,5.4,0.0,1.8
37,10.1,10.0,134486.0,35.0,61.1,13,7.3,0.0,7.3
47,21.5,13.3,165383.0,40.7,77.4,15,4.4,25.1,13.8
41,17.0,14.5,216021.0,26.8,74.0,13,5.6,15.5,9.0
40,20.0,11.5,189436.0,43.2,85.3,12,5.2,22.6,7.5
25,2.4,14.8,131655.0,52.0,66.4,0,2.0,6.8,0.0
20,1.0,13.6,141078.0,31.7,65.6,2,4.8,0.0,4.0
24,0.0,17.9,,37.9,,4,6.5,4.6,0.0
60,37.4,17.5,288499.0,44.3,94.8,26,6.5,25.1,21.0
31,5.7,13.0,143511.0,50.8,70.6,4,5.3,20.7,0.0
45,18.3,13.7,158639.0,38.9,83.5,13,5.1,8.8,11.1
53,28.0,13.8,219047.0,37.2,74.5,19,4.5,25.8,14.0
33,14.7,13.0,155151.0,28.2,58.1,12,6.5,8.4,11.2
45,17.7,14.4,152758.0,42.7,86.0,9,4.9,23.7,12.1
46,23.9,12.3,270874.0,56.3,88.7,22,5.4,21.5,11.7
28,6.2,11.5,80546.0,43.9,85.5,3,5.7,5.8,3.0
45,25.6,15.4,182102.0,41.8,92.5,21,7.6,32.3,12.4
41,24.3,15.4,256497.0,44.3,95.8,14,7.0,24.7,9.1
49,30.5,12.2,250473.0,41.9,89.5,24,4.1,33.5,14.2
36,16.2,16.0,149241.0,36.3,84.4,14,4.3,10.1,9.5
45,14.8,12.6,182844.0,47.8,89.7,13,6.2,5.6,9.1
55,28.5,14.6,266496.0,43.6,74.8,18,5.0,28.7,16.1
20,0.0,15.8,105062.0,42.1,72.6,2,4.5,2.4,0.0
27,8.3,13.9,220920.0,35.2,92.1,3,7.3,16.7,7.4
54,26.6,15.0,172213.0,51.1,92.7,19,5.7,25.6,14.8
34,7.2,12.9,152725.0,46.7,85.6,9,5.4,12.4,6.1
41,18.1,13.6,210321.0,38.1,74.9,16,6.2,6.5,4.6
33,11.1,13.5,173755.0,49.0,78.1,9,4.5,29.0,0.0
45,21.4,12.4,182589.0,38.5,83.2,13,7.5,20.8,12.6
47,20.8,13.6,174487.0,36.5,67.2,17,4.1,27.2,7.2
42,20.4,10.6,185514.0,36.7,69.8,15,5.9,14.6,10.6
33,6.5,12.9,143363.0,29.6,63.2,0,6.9,12.7,2.7
43,14.4,13.4,181119.0,45.3,83.7,13,3.7,6.1,12.7
21,0.0,13.4,129537.0,29.2,74.3,1,5.2,8.6,1.2
45,24.9,13.5,179539.0,33.4,89.5,22,7.4,22.1,14.2
33,5.1,13.9,116427.0,27.5,78.2,1,7.2,9.3,5.3
26,3.6,15.1,89900.0,41.4,71.4,0,4.8,13.5,3.1
22,0.0,15.9,97482.0,40.9,78.7,2,4.4,0.0,0.0
42,18.8,12.6,207742.0,39.7,80.5,15,6.6,14.6,13.6
37,11.0,11.4,140865.0,34.7,74.5,4,6.8,17.5,2.7
57,32.5,11.7,300000.0,33.8,91.8,21,4.7,47.8,18.8
54,29.2,12.9,234567.0,45.3,95.5,30,4.4,27.3,11.4
34,7.1,13.2,127221.0,38.1,69.8,5,5.3,15.4,4.5
44,19.4,12.3,185810.0,44.2,89.1,17,6.4,19.7,11.2
56,29.5,11.1,198291.0,35.8,81.5,20,5.3,44.1,21.3
47,24.6,13.0,199105.0,43.3,75.6,12,5.9,10.7,8.8
29,8.7,14.4,175134.0,51.1,80.8,7,4.1,12.7,3.0
58,27.2,15.3,229169.0,46.1,88.8,19,3.0,13.8,17.4
36,13.2,12.8,126386.0,39.1,71.0,9,4.6,0.0,8.3
58,36.7,13.1,235237.0,43.8,100.0,26,6.1,36.7,20.7
41,19.3,12.0,161889.0,40.3,76.3,15,4.9,21.6,7.7
45,23.4,13.9,205261.0,42.1,84.7,17,,21.4,11.1
44,15.5,12.1,201353.0,39.7,89.1,8,3.6,16.6,12.3
36,15.4,15.3,140025.0,40.8,97.8,13,5.5,42.1,8.3
32,7.4,10.1,111375.0,43.5,81.2,0,6.4,8.9,5.2
39,16.2,13.2,171759.0,35.0,78.2,6,7.0,22.0,8.6
44,24.0,14.7,158934.0,34.9,97.1,20,7.7,19.0,9.7
23,5.8,14.4,97227.0,32.3,65.5,7,4.1,12.0,6.0
29,3.9,19.9,115268.0,30.8,70.3,4,4.0,6.2,3.7
22,0.6,14.8,70806.0,33.5,49.7,0,5.0,2.2,7.2
60,32.0,11.8,244457.0,43.1,100.0,21,6.8,45.2,14.6
37,12.4,13.8,145963.0,35.8,72.0,9,5.7,24.3,9.3
55,24.8,10.1,177931.0,45.6,82.4,14,2.9,25.9,9.7
41,19.5,13.8,194024.0,42.2,73.3,12,4.0,2.2,11.2
53,33.0,12.2,294912.0,28.2,97.6,26,6.5,28.5,21.1
27,2.8,16.0,167563.0,46.6,72.5,7,5.4,28.9,0.0
59,35.8,12.8,193637.0,47.7,84.8,25,6.2,31.8,19.1
38,10.0,13.7,161352.0,35.0,80.2,10,5.8,21.8,3.8
60,34.3,12.6,238754.0,44.9,84.3,19,5.8,44.0,16.8
56,35.2,17.8,275320.0,36.0,94.5,28,6.2,34.9,20.5
25,3.8,13.3,91962.0,42.7,52.0,1,5.0,1.3,5.5
45,21.5,18.0,208893.0,33.1,75.7,17,5.9,2.7,11.4
53,29.2,15.8,243637.0,29.4,95.9,21,6.5,33.8,16.7
25,0.0,15.1,77061.0,39.3,52.4,5,4.0,0.0,0.3
56,31.6,14.8,212889.0,41.1,82.8,20,5.6,31.7,17.4
52,27.6,14.9,212974.0,39.2,89.7,22,6.4,17.1,11.9
41,16.0,10.0,159268.0,33.7,71.2,11,5.6,15.7,12.1
40,13.7,13.4,182710.0,39.2,94.0,10,6.4,16.2,8.4
25,1.2,15.9,142900.0,43.9,85.8,1,7.1,8.1,1.8
25,2.6,13.9,90464.0,41.7,61.6,0,4.9,0.0,0.0
23,1.7,10.9,103800.0,43.3,71.1,2,4.1,15.9,0.0
49,24.3,13.9,239255.0,37.3,92.6,18,7.1,19.7,12.8
30,4.9,17.7,166953.0,50.2,69.9,5,2.9,0.0,0.0
49,20.8,16.7,196155.0,33.8,75.8,16,4.2,20.8,6.4
50,25.8,13.9,208207.0,45.4,88.5,21,5.9,25.9,12.4
43,20.8,16.1,206099.0,50.3,85.9,18,5.8,22.9,13.0
28,6.0,13.2,86274.0,45.4,69.7,2,3.3,20.7,1.3
22,2.4,10.3,89057.0,40.6,68.3,5,4.4,5.0,0.0
50,24.5,12.0,220833.0,38.3,79.1,15,4.7,23.6,11.0
59,39.9,17.4,300000.0,49.3,93.8,30,5.0,28.1,20.6
56,35.6,13.4,250367.0,32.0,97.9,28,7.6,40.0,18.5
55,28.8,13.5,234997.0,35.2,93.9,15,7.0,29.5,22.3
43,22.7,13.3,169080.0,39.2,75.4,17,5.2,19.8,15.6
50,23.7,18.2,246085.0,50.7,97.2,16,5.0,8.7,16.1
25,2.2,17.6,114045.0,44.7,61.2,0,2.8,18.3,4.7
21,0.9,18.9,110566.0,35.2,68.7,6,6.8,0.0,0.0
39,16.6,13.7,159918.0,39.8,78.0,11,6.0,13.5,5.5
47,22.7,14.7,199938.0,37.7,82.3,14,4.7,26.0,9.2
30,6.2,10.7,96269.0,37.0,62.7,6,5.7,0.4,7.4
23,0.0,17.2,136464.0,48.9,85.6,3,5.2,0.0,0.0
34,8.2,11.4,108651.0,32.4,62.6,6,4.7,0.0,0.8
25,0.0,14.5,156364.0,53.3,88.5,4,5.7,10.8,0.0
49,22.9,11.6,237571.0,47.8,86.3,19,4.5,19.0,11.9
57,35.5,12.7,229489.0,49.6,99.3,19,5.4,56.8,20.3
21,0.0,12.2,93571.0,38.8,68.4,0,5.1,0.0,0.8
34,12.9,12.7,140175.0,41.0,95.7,8,5.4,7.9,4.6
30,3.9,12.8,96696.0,32.0,60.7,5,5.8,3.6,4.2
27,4.7,12.8,170198.0,38.3,61.3,0,7.0,10.7,0.7
45,22.6,15.8,195713.0,45.5,81.6,24,4.3,19.3,12.0
24,0.0,11.6,98972.0,51.1,65.7,3,2.4,9.9,2.1
25,3.8,14.5,126285.0,34.2,56.3,4,2.3,0.2,0.2
45,22.0,16.7,178116.0,39.4,87.3,20,5.5,11.5,10.4
23,0.0,12.9,73047.0,40.9,79.0,8,4.5,0.0,1.8
38,18.8,12.4,139999.0,32.2,79.6,17,5.9,2.3,7.8
39,16.5,13.5,142846.0,46.1,77.5,15,5.2,14.1,7.9
52,32.6,16.6,168964.0,36.9,92.1,24,4.1,28.7,19.6
39,14.5,14.4,184472.0,40.6,86.3,11,3.5,11.5,14.1
31,7.7,12.8,187051.0,38.8,67.3,5,5.3,21.1,6.1
20,0.0,15.1,113580.0,36.5,85.1,0,5.9,14.8,1.4
45,23.6,11.6,159827.0,42.0,99.1,15,5.6,21.2,14.6
33,5.5,15.5,109592.0,40.5,74.5,1,3.2,0.0,0.0
57,35.6,14.9,249554.0,39.4,97.0,26,6.7,28.9,19.9
56,26.7,13.3,189407.0,36.9,96.1,15,7.7,21.6,14.6
30,5.1,12.2,142800.0,44.2,77.5,5,5.5,3.8,3.8
55,33.3,12.0,262508.0,53.6,85.2,24,4.0,26.1,18.7
32,7.8,15.2,100976.0,43.0,70.4,7,4.9,6.0,5.4
22,0.0,16.7,125067.0,49.0,59.7,0,2.6,1.9,0.0
52,24.8,12.6,251979.0,32.3,88.7,28,7.3,19.8,13.8
25,2.6,15.0,172922.0,43.1,76.5,7,5.2,8.7,0.0
29,8.4,10.0,200921.0,34.3,59.3,3,2.7,14.6,3.7
24,1.6,12.7,70325.0,31.7,62.7,3,4.7,0.0,5.1
42,22.6,13.9,280812.0,36.8,76.7,15,6.0,33.2,13.4
29,9.8,12.0,119694.0,50.3,64.8,5,4.0,5.0,5.3
21,0.0,11.9,72791.0,48.7,68.7,0,4.3,0.0,5.7
32,10.6,12.5,147132.0,43.7,69.0,10,3.3,16.5,1.7
59,32.6,14.6,229778.0,31.3,91.6,22,6.9,24.5,14.6
21,0.0,13.6,102051.0,40.6,54.4,4,3.6,7.6,5.1
39,14.9,10.0,109233.0,44.1,73.9,14,2.4,0.0,8.3
20,2.2,10.0,84732.0,43.2,65.9,7,4.3,17.9,0.5
56,29.5,12.7,263257.0,29.1,85.2,19,7.2,34.0,12.6
28,4.8,15.0,120358.0,35.8,69.8,6,4.7,0.0,4.0
36,8.9,10.0,125993.0,41.6,,9,7.0,0.3,6.5
28,8.6,12.9,144488.0,45.8,68.8,6,5.2,25.3,1.4
30,8.4,12.8,160335.0,26.6,60.3,5,5.6,5.8,4.2
34,7.8,17.1,101948.0,40.9,91.1,11,5.7,4.6,3.3
43,19.1,13.2,195481.0,43.0,74.5,15,5.0,2.2,11.3
57,36.0,14.8,256516.0,47.9,96.8,28,5.4,31.0,16.4
54,29.1,14.3,240089.0,46.9,99.6,19,5.5,26.5,19.8
49,26.0,10.0,238999.0,46.1,100.0,16,6.6,31.5,17.0
50,22.1,15.7,164189.0,36.4,76.1,15,4.3,11.5,11.1
24,1.8,14.5,78466.0,28.6,72.3,2,4.3,0.0,0.3
33,5.8,15.1,67972.0,39.2,68.5,2,3.6,13.2,2.8
30,6.3,20.0,132545.0,49.0,76.8,5,7.4,18.1,1.1
28,2.5,10.0,129513.0,51.8,58.0,0,4.7,0.0,0.0
53,36.2,17.8,271067.0,47.0,94.1,23,6.0,42.6,19.1
31,12.1,13.4,109941.0,45.0,76.5,11,3.8,15.0,11.5
54,29.4,14.6,214865.0,44.7,81.9,23,6.0,37.3,19.0
54,31.4,13.9,198894.0,38.1,100.0,22,6.1,29.6,20.1
20,0.0,13.1,59884.0,41.1,66.2,0,5.1,0.0,1.1
59,35.3,12.7,266520.0,53.7,98.1,23,4.4,32.0,16.1
41,19.7,14.7,153919.0,35.4,82.1,14,5.9,29.2,10.7
48,22.8,10.7,219824.0,53.3,78.3,19,4.3,16.1,15.5
27,6.9,15.7,134491.0,39.7,77.1,9,4.4,7.4,0.0
30,3.9,13.1,109843.0,51.3,60.1,2,5.0,6.7,4.1
60,31.7,11.5,220929.0,32.2,84.2,20,4.0,7.2,24.4
56,31.6,13.0,258735.0,46.1,87.4,24,6.1,43.7,20.6
33,9.3,16.8,170990.0,36.8,70.3,5,6.0,5.2,9.4
49,25.5,12.8,211767.0,32.1,70.7,17,4.3,29.4,14.7
54,35.5,14.8,280844.0,43.5,100.0,30,5.1,32.7,22.4
40,17.3,12.4,161807.0,49.1,75.8,16,4.6,28.9,7.4
56,30.0,15.7,260216.0,36.1,100.0,22,6.7,32.2,18.9
24,0.0,15.5,97034.0,31.5,77.6,0,5.5,3.1,2.0
38,15.9,18.1,181587.0,41.4,74.2,13,5.6,10.6,9.6
33,9.4,13.6,126991.0,41.4,67.0,11,6.9,18.9,9.1
45,20.8,15.5,190893.0,45.8,100.0,14,5.4,6.7,9.8
23,0.0,14.2,84197.0,48.6,82.6,5,3.1,10.2,0.0
44,17.1,16.9,200576.0,41.6,83.5,17,6.5,9.9,9.7
44,20.0,12.4,223238.0,55.0,85.6,20,7.0,31.0,7.9
37,13.5,15.6,198498.0,43.6,75.7,11,5.6,17.1,8.1
59,31.9,13.6,205758.0,39.6,97.5,25,4.8,35.7,12.4
27,1.5,13.9,139976.0,30.7,63.0,6,4.9,6.9,4.0
58,40.0,14.2,263145.0,40.2,82.2,30,4.1,23.0,22.1
59,32.2,14.6,259757.0,39.6,83.1,22,6.3,23.9,16.1
33,4.9,13.7,91834.0,48.7,72.2,3,3.1,14.3,0.2
51,27.4,14.5,224899.0,45.2,81.8,21,4.9,28.3,14.4
57,36.2,17.5,285702.0,33.7,100.0,22,5.2,43.4,22.0
52,35.9,16.2,222117.0,43.2,91.5,26,5.9,36.9,21.4
42,14.5,15.9,186233.0,46.7,74.3,14,4.5,8.9,5.9
34,8.0,13.0,172938.0,52.7,78.8,0,5.1,5.0,1.9
52,31.1,12.0,227141.0,48.2,92.8,27,5.6,30.7,19.1
44,20.8,16.1,240450.0,47.3,84.3,19,4.1,3.1,9.3
36,15.3,15.9,173349.0,42.4,91.4,10,6.5,30.6,8.6
52,24.0,17.2,247418.0,44.7,95.4,19,5.8,27.7,13.6
21,0.0,12.7,31443.0,50.7,79.0,1,3.7,14.8,0.9
33,9.9,13.5,210668.0,32.7,69.5,12,8.0,0.3,8.0
59,37.2,10.4,296814.0,39.6,91.8,30,6.5,44.7,16.7
59,38.2,13.1,256296.0,36.6,90.1,24,5.8,53.4,15.3
58,31.6,16.2,189252.0,44.7,91.1,25,7.4,19.7,15.7
25,0.0,13.0,105891.0,50.6,75.0,0,7.0,11.2,5.4
25,3.5,15.4,80407.0,37.8,82.5,4,5.4,7.8,8.0
22,0.0,13.6,112246.0,25.3,74.0,0,6.2,0.0,5.5
26,3.2,14.7,121022.0,39.1,57.3,8,3.3,11.5,1.2
27,6.3,11.5,92198.0,48.4,79.4,9,4.9,16.7,0.0
34,7.8,14.2,160549.0,45.8,58.8,4,4.1,6.4,0.0
48,23.9,10.0,218452.0,45.0,90.9,14,5.9,33.4,11.3
52,33.3,13.6,274965.0,40.0,89.4,23,6.2,18.3,17.7
49,23.9,10.4,194061.0,33.0,86.7,19,6.6,12.2,17.0
58,27.5,16.7,186744.0,45.6,82.8,21,5.6,28.1,17.7
46,27.5,15.7,262786.0,36.2,100.0,24,4.9,27.2,15.8
55,28.2,15.0,216514.0,57.3,79.3,23,3.6,21.8,12.8
48,20.7,17.3,161642.0,46.0,84.1,18,4.7,28.0,8.5
57,29.8,11.9,262316.0,37.9,82.1,23,5.2,33.1,17.2
52,29.7,17.8,300000.0,37.7,83.5,18,6.9,35.6,18.4
56,24.7,16.1,217758.0,41.3,90.9,18,4.4,23.8,14.8
46,30.3,13.5,300000.0,40.3,100.0,25,5.8,34.1,13.6
52,30.1,16.5,249909.0,49.8,100.0,22,7.0,25.5,18.5
23,3.4,11.6,93281.0,43.3,70.7,5,4.5,24.2,3.1
41,20.9,12.2,170291.0,36.9,90.5,15,6.5,15.2,8.3
21,0.0,12.7,143242.0,55.2,70.4,0,4.2,21.8,0.0
29,5.0,12.8,93786.0,42.3,74.2,4,5.4,9.3,4.8
24,5.3,11.7,132518.0,47.4,65.0,6,4.2,0.0,2.2
29,3.1,16.7,107120.0,37.7,76.5,1,6.2,18.4,6.5
52,30.2,13.4,221131.0,44.5,96.0,21,4.0,30.2,18.1
57,31.6,14.8,274287.0,44.2,90.8,20,5.2,37.1,15.9
32,9.7,12.7,125449.0,28.8,74.8,11,6.0,22.6,5.3
50,22.6,10.0,172316.0,56.1,81.2,16,5.4,25.8,12.6
55,37.3,14.6,300000.0,51.0,100.0,30,7.6,30.1,18.3
43,24.2,10.0,,39.2,75.2,23,4.8,32.2,10.6
34,5.1,13.8,,34.3,71.1,4,7.0,9.1,4.9
48,29.3,11.0,204917.0,44.4,100.0,18,5.2,33.9,18.7
27,2.4,18.4,114557.0,42.6,83.1,0,7.0,0.0,3.1
24,0.0,16.0,112982.0,44.5,81.3,0,6.3,8.6,4.5
48,21.2,14.2,204438.0,43.3,84.6,12,4.4,16.9,10.0
23,0.0,16.8,81139.0,45.5,75.5,5,5.4,18.2,5.0
31,7.9,12.1,151446.0,52.1,80.5,7,4.9,16.3,1.6
21,0.0,15.2,110575.0,46.0,81.8,2,6.0,6.9,0.0
46,23.8,14.4,149514.0,34.7,72.5,11,5.0,27.9,7.8
50,25.1,14.6,181347.0,51.5,77.1,15,4.5,17.1,12.5
55,32.2,16.8,241916.0,53.5,100.0,26,7.3,43.7,16.2
55,32.7,15.6,251179.0,64.1,96.5,25,5.0,47.1,19.6
45,19.7,14.6,244293.0,34.1,79.5,14,6.6,23.9,11.6
46,20.9,10.4,181815.0,43.7,72.2,17,4.7,34.4,7.9
24,4.0,11.9,79667.0,27.4,63.2,9,7.2,3.6,1.0
39,17.5,13.7,177299.0,45.9,69.4,13,3.9,12.6,8.5
30,11.0,14.2,145457.0,38.2,93.6,9,5.3,14.1,0.7
29,6.7,11.5,127813.0,55.5,70.4,6,6.2,13.8,0.7
59,39.9,19.3,300000.0,36.6,100.0,30,5.8,33.8,19.6
57,38.6,17.3,300000.0,30.2,100.0,22,8.5,40.2,25.0
25,6.5,15.3,135246.0,38.7,82.5,8,6.6,12.7,4.1
27,5.4,14.2,174919.0,28.2,78.6,4,5.6,1.3,5.0
42,18.4,13.5,210856.0,47.3,91.3,16,3.4,23.9,5.6
